Date,V2G01 | Beneficiary | Physical infrastructure,V2G02 | Beneficiary | Semiconductors & hardware,V2G03 | Beneficiary | Cloud & compute infrastructure,V2G04 | Beneficiary | Networking & connectivity,V2G05 | Beneficiary | Public AI platforms / foundation-adjacent,V2G06 | Beneficiary | Data & MLOps,V2G07 | Beneficiary | AI-enabled vertical apps,V2G08 | Beneficiary | Robotics & physical AI,V2G09 | Disrupted | Legacy SaaS / seat-based software,V2G10 | Disrupted | IT services & outsourcing,V2G11 | Disrupted | Professional services / staffing,V2G12 | Disrupted | Digital advertising & search-adjacent,V2G13 | Disrupted | Content & media,V2G14 | Disrupted | Online education & credentialing,"V2G15 | Disrupted | Legal, compliance & information services"
2024-10-07,100.0,100.0,100.0,100.0,100.0,100.0,100.0,100.0,100.0,100.0,100.0,100.0,100.0,100.0,100.0
2024-10-08,99.91314187606518,100.5499806164175,101.65524882370043,101.4587855441653,98.76412826597416,99.95465725618116,101.36450940248854,99.61693807276627,101.97552431320322,101.39973749214067,99.95827642305262,101.25692042878866,100.14870104484547,99.71203499065003,101.09357822771923
2024-10-09,98.92961853465414,102.0770835215261,102.86909537639649,104.49991195866669,100.47628001946407,103.91006387409038,102.71353892667524,100.8824359147465,103.37786323802735,101.69743699384293,100.55307269083144,101.25920971875736,101.44201858920721,98.2981313677343,101.96523794372196
2024-10-10,98.31403508170082,101.68889048222394,104.65421727611343,105.14676570148285,99.70866373288858,107.5072186970567,102.34148975753898,101.57103247197114,104.99429017475089,100.01376538011931,99.57112012921071,101.37477405151672,100.47457578377686,97.35174029726853,101.34471516069104
2024-10-11,99.31983288653635,102.78773392547642,106.18618502663149,106.904863897113,104.34557089240886,107.86926908816204,102.84957699887883,104.2685447197943,105.12237053595325,101.28453787216239,101.57449352424429,103.31448973852862,102.58414334485622,97.75008817003054,102.33420607806758
2024-10-14,100.70301042128206,105.30208177034918,106.98781220554463,106.48464593971994,110.91696587258232,107.42412266898495,102.74891120163618,104.52664700884276,105.92228682227513,102.2549457996044,102.42436451281503,103.24920466833821,102.4162286489344,98.32041352916897,103.3618845488815
2024-10-15,98.98619784038566,98.54189662167808,106.12212184685076,105.51024874652344,106.78869408122046,106.21575843709309,101.89313896624344,102.37201073122101,105.52459399442236,102.43346427089324,103.24062430219877,103.57188793318112,102.6793144085967,99.34938413823956,104.00818573076589
2024-10-16,101.46429333626975,98.53408778179197,105.41869502081423,107.77560652234801,107.93994293732722,105.0018464173628,102.50652875198243,103.47833358405272,105.30947831536753,103.14940658416523,104.43200310443699,102.45647276972744,105.34521953842932,98.12523421046231,104.04884218654823
2024-10-17,100.93707727788082,99.5039341230348,105.59585767293227,107.83817168809196,106.3201486588132,104.75248447376792,102.11087860929102,104.7152672938237,105.58749531412407,102.7258707306994,102.76954328736205,101.82723879489994,105.00594240687664,98.66639981651642,103.78702625928052
2024-10-18,101.29463298178244,99.44179702763893,104.87807367335368,107.11379131079437,109.72809928537932,105.8443460735654,103.16901639837245,107.16833962602215,105.79574948529607,103.64415825196603,102.07110299770449,102.73624040968457,104.74584805850633,98.73937237011492,103.80103702085538
2024-10-21,101.78373957633231,99.85171886281309,103.98876788679407,107.58956661501615,107.97627629344952,104.80264555455962,102.88162643656581,108.18612384380334,105.85345848652639,102.56547663264205,99.83756865421688,101.34120692075099,102.09479445986521,96.67046734967138,102.65330775876997
2024-10-22,100.66859859590329,99.22403394296771,103.0399056969134,107.23345390358418,105.72795334980387,102.42546261452935,101.6812430422609,107.10663835082234,105.76318703504042,101.61407405805497,99.9131401841448,99.23457931431294,100.72769890600097,98.20319096632932,101.43004172134002
2024-10-23,100.75226587278013,97.41892016608044,101.11309944032374,106.78972630445135,102.07946049757484,100.8880798213594,100.18902789911795,103.8689876433507,104.3142397973022,100.95266593475057,99.9672849013767,97.98695597283432,99.90218548605993,102.55007521351645,100.69909021693671
2024-10-24,101.38917078246897,97.9591296326701,104.50769975800218,107.31117518671377,104.79395459721073,102.89586981228379,100.61617793663724,103.25208863406831,105.3838577278771,100.33265560340045,99.64458478472108,99.41485977453613,100.51654544566705,102.73459864209893,100.21724154977761
2024-10-25,101.08820534893958,99.20002799284394,105.49201739796165,107.06455095898909,103.80029437255382,103.47652254971406,102.37870691031718,103.0042786446499,105.45151497088106,99.7711476212422,97.75393340328544,100.84270247871346,100.37935250912098,100.5588093499179,100.03484138041605
2024-10-28,102.43948524686338,99.1060956601281,105.28152920414585,107.82056448484482,109.92012761262181,103.47660910201911,102.74451186347001,106.19076206456928,105.55620127402065,100.59117792551325,99.79035912307982,101.64322196238237,102.84503561581839,102.85862109638254,100.57774292230518
2024-10-29,102.48641503566107,101.69171824380426,105.46845654462173,109.18716738914368,111.31248566806012,105.10809437611286,103.85436637943292,106.68636124875027,106.95349467959163,101.39094992436232,101.09103980191881,102.50864258197966,105.14648043410315,104.13191246234878,100.62677896333163
2024-10-30,101.45663177596862,96.1805914182786,106.34962398197,108.23358561071686,117.30519501878082,105.75395845436454,104.12627955513378,104.99211428918917,106.45983677157668,100.2284978130335,101.63108118123878,105.45693847384656,107.49544187032691,104.21633402489854,100.58747695962533
2024-10-31,101.44102487771737,92.13897231192074,103.47453668281352,105.32172579060446,113.83942239413993,103.00441155044197,104.29131175324716,102.3772097952028,105.13427344443153,98.63414060974691,99.70905174542129,100.88255594727507,107.85338571484763,104.41321481459943,98.9215648099827
2024-11-01,100.09433184798614,92.45937654501068,105.32322999770312,107.35574966943359,113.28093652923931,103.5508468424864,105.43484197712716,105.21022374722999,109.31039783211921,98.73294635992082,99.29307951388395,101.79810635418124,109.24839891148338,104.7842099889669,98.85207917303241
2024-11-04,98.80744419314266,92.01615175816505,105.45710083648869,105.64271654313427,113.54140553878604,103.11832608442406,104.98746531491952,103.6261627368728,108.79750094642743,98.71323227814923,100.4344004936703,102.02418457907561,101.38745157101854,105.55312571983985,99.35839930751386
2024-11-05,103.22027991217016,94.40943050714226,107.73927250944902,111.92634919448702,119.9893402066939,104.97621125044404,110.15058362324444,106.18039788413415,110.52073433123633,100.13470671292342,101.21020679328272,104.22703767565208,102.5501553797803,108.52772436543316,101.00244224863795
2024-11-06,105.9158739532088,95.29244730894374,113.14087664912066,115.69713909705312,124.5635976566894,109.02686360108119,116.72349207130867,110.51834607749568,114.8023894937642,104.13502248390462,109.26176781043505,107.49117161554152,106.69040226605249,113.52005833158574,103.17879799396135
2024-11-07,108.75531726473905,98.50012375739384,115.6888490218271,117.91509794618563,134.54902024351486,110.45519832948935,117.8708999887188,112.72712527648338,117.13441718950203,106.80059837259698,107.90348022678818,109.78026192199165,108.4260730713776,113.74717133173732,105.38792055017021
2024-11-08,110.83267964146837,97.57132109166294,115.03530283356974,120.12416126934822,143.5689096793249,109.15644619553483,124.27675147534141,111.40453433756824,118.52403292804888,105.69706375754961,107.78652685163699,105.29165635948482,106.28953881117522,116.01203210616347,109.42494491453857
2024-11-11,111.60839618728103,95.28703251337834,114.6821411087498,118.74599513217643,149.03595648142775,109.87870603475521,125.59160768987701,116.9007585322294,120.28139682126307,108.36724631313801,109.11485171922486,108.7684756898779,107.71980317747743,117.98853063948978,112.05477951287504
2024-11-12,109.36165668723015,94.2113941469982,112.70427008639487,117.05646442573762,141.78922679763218,110.10512810278965,124.1371491665369,114.23894586464397,121.08408061905266,108.51506178800336,107.11814312628971,108.53798215157445,105.65069985008813,116.250348304709,111.48875820347114
2024-11-13,108.79900705504332,91.82035048661014,112.13500812485212,116.42164774470787,135.70904559371868,112.40958289354646,123.39867247691299,111.80069773610374,122.40728060978668,108.87294506371498,106.81863882493136,106.3433229639016,104.84245147233591,115.57894570920756,111.77181828852014
2024-11-14,107.34165672708387,91.87680741965391,110.74408256402013,114.70707610672301,132.18450743975728,111.43931700403843,120.87742375273301,107.95823022754861,120.42334176045713,106.68494633643104,104.2555839040406,104.57666473274092,105.27781918613886,112.89305319066865,110.19541703161849
2024-11-15,107.69035480948169,88.21295526886273,109.82762838828141,111.4463478682007,126.64251392207125,108.01590691460227,119.60364917035473,106.15673041979987,116.989022822425,102.83148727238124,102.47885474705663,100.26871004599901,101.79742903715677,112.63132864797034,107.63394967557612
2024-11-18,109.18314461289883,89.38116755567751,112.06525059697313,111.79092565602369,129.13507499758475,108.43358563492446,119.093149586473,108.70482167252106,115.84595153608898,101.6674448876726,102.54192195624637,101.58767086643411,101.42461121417723,113.54461527772997,107.4831298975725
2024-11-19,113.461326034752,91.27710821110793,114.15294807747539,114.37635895059518,141.8711974623693,111.19278682046108,120.49569671204073,113.71009467707749,116.56014657128644,101.26445263136944,102.20947507753579,102.17700884816897,100.81951555585427,112.57615579065973,107.73031955777137
2024-11-20,112.78437411390759,90.68601172057355,113.6132098737529,113.76182038823558,142.86863517215357,111.28742851730443,120.98539245474976,112.64077815833438,117.01353479673307,103.84140595303262,102.85688742040729,101.71668389803853,102.43519159051064,113.8356081065734,108.70987235262388
2024-11-21,116.19144029742216,93.11569833751882,117.98150482698931,116.60972895068446,152.56053679747723,122.25902025674323,122.96307870617639,113.22439526794828,120.781657364591,106.34120982963795,103.98521051123055,102.86738255850356,105.30594664425479,115.35674697226354,110.6963073117638
2024-11-22,115.70828887912585,93.5116566277376,118.3296747333898,117.80474440934438,162.51116685001404,128.3273574030153,125.82913435000086,116.96315318761039,124.56454826271104,108.29449983124465,105.6171450417421,105.28562305852758,106.10067979512358,119.07298715506853,111.61396428982562
2024-11-25,114.09435012592955,94.58671018630736,117.89121007516518,117.8827315509657,160.08927195904803,129.81070152517034,127.97802798924518,118.48894458872493,126.09539376667028,110.01818419082002,107.8677917283574,106.76777547937053,107.51897934007907,123.31420357394974,113.23886154900563
2024-11-26,117.08784508043682,93.00429930792627,118.57299619364888,118.3990180518927,151.60995037747915,129.24939501120917,130.07950034156335,116.45423173835168,125.24374501891859,109.97158179393881,107.88307917795976,106.3065101971258,105.09994610496699,122.83372652399245,113.13745155570518
2024-11-27,114.75573510989301,91.54451032871732,112.94539019651602,115.26712252159166,156.04959535335118,127.13722865283516,129.37102568298263,110.10456581124254,122.60950701479726,109.06874275634623,107.3714734030901,106.40358848726525,105.96887307940118,123.65279056340862,112.24608771749446
2024-11-29,115.78309489806217,92.6588008553119,114.92768887233159,117.21296673134529,164.5873891371814,127.23335191733479,129.512178115289,112.68878656411968,122.13510668192487,108.50188044081446,107.20456456827235,107.11718982627178,106.57444335585107,121.18107504106909,112.6362946292338
2024-12-02,114.20563450142862,97.37623805062424,115.64240945656084,118.19784675389656,161.48619930466228,127.64237486855441,129.8981419822541,112.14631767809243,122.02678766479771,108.61329350040535,109.19548335427513,110.94229499177793,107.80654370523445,124.3513807246302,112.32734049437903
2024-12-03,114.2751949930631,97.48830093570159,115.9544843684105,122.08944750244204,169.53171655074857,129.03262935801123,132.85747584386414,110.55325069002453,122.36743914420386,107.38089761504108,107.87499889937381,112.59588130819736,107.91779677444957,124.3978659296914,112.10806692891592
2024-12-04,116.2431898017032,101.15500481914798,117.82335141621584,123.86787651503633,174.65220685442696,134.95031941321898,134.67664282555447,110.48278083024245,127.324982312506,108.34606563489803,108.52999025086157,115.10151979631932,108.19258872518326,125.69334552999904,114.43032150297078
2024-12-05,116.68091204112818,99.10225739981608,118.1087094712719,123.40956354796401,188.9990378272015,132.34603488388169,135.20812874416114,111.85025801729824,125.23870486460149,108.3839691980317,106.5727116241535,112.5739216470367,107.24374365105656,124.58973143381517,114.37080871173654
2024-12-06,116.20507015021703,100.08967142437285,120.93738117309883,125.23191233634415,207.0248543515358,132.82756073995907,137.62919489081054,117.3215075560842,136.54858318081764,109.02866890327377,106.65349385573043,114.60688689462687,108.468715877324,123.49725800761675,115.52495878167103
2024-12-09,111.07947498032634,98.69994258840609,119.29202286015746,124.08400021322298,211.52812281223675,130.37727385893814,135.05001515682756,117.64212589231995,137.5336476066214,110.23860012762313,107.19726676544906,114.46521763779401,109.37299450917959,125.22452621805988,113.22522462922309
2024-12-10,108.83326364699677,95.92629800101138,114.85252313022559,121.59847602528382,197.1187072666537,121.45325644994821,133.5171831963417,117.22161645638532,133.23421645560848,109.85710938729254,108.13305950628623,113.40567499003242,110.49197294641074,124.96562744681037,112.40047967767572
2024-12-11,111.63728782837462,98.4231591257099,116.59053899024956,124.03369117511565,191.75657234211948,122.49196605903278,132.9617163542776,116.007967953829,135.17464902135984,109.81253432266918,108.09464771816651,113.58285464636413,108.87580281989985,123.73458475949201,113.09334711819851
2024-12-12,110.95797059613834,97.33072949777191,115.71935720882752,127.08212537580894,187.0061010730929,121.99059590151823,132.64021198080542,114.95944245827228,134.25835057146105,109.12970837567855,107.60359241706695,110.98011077819558,110.62390680666662,122.49897286330358,112.96018896784182
2024-12-13,110.6389994628986,101.34391761775004,117.04772626661054,131.0784946685764,202.06637630297607,118.14533702399918,131.48560671449644,116.22531946386145,132.9253225123142,108.34647445226622,108.03421373813981,110.58659074785612,107.92533488161531,121.39789590006232,112.13124883650443
2024-12-16,111.06058917567583,102.65830301098468,117.13023750870703,131.1076804324722,223.89249502935218,119.65157646501856,132.32685061867997,120.84624478435133,136.99036505843273,108.22415747168657,107.83466392214328,110.65585966761905,107.0347691491261,124.60056454584054,112.65346472043704
2024-12-17,108.7608558514325,100.63354270284769,116.58194293104381,127.74516149362327,224.87361489485178,120.12672689771945,131.91230257978572,125.18920234225544,134.33916280141526,108.47915272000017,106.9538359518402,110.89051585501069,104.90567714608008,122.2358391519794,112.72801107680542
2024-12-18,104.32308315525223,96.63530044354464,111.2650593489028,122.90863686573375,220.7227265543275,114.99692144976494,126.14526943604609,116.76536868255795,127.01812662019249,105.05568044175939,103.18752923737286,107.34915757971767,101.58114687882848,116.34066747675931,109.60469175818189
2024-12-19,105.28944625778338,94.20256295215175,110.43121033872059,123.74332751011357,205.15262734326797,113.61822337504275,127.62289293469398,115.57763781151931,125.93740245641155,107.89025057288178,103.03926773623898,107.0534588843948,100.93960727909354,116.61894919850585,110.18105326903077
2024-12-20,106.84046375720443,95.51994506125504,113.01155649055242,126.14518215849816,224.8714816175706,116.18094546106802,131.5395407623879,120.23308516475852,127.64065651574553,106.48964016765453,103.25747796221995,107.60209323077451,98.79840795026428,115.36717317112068,111.56924540051506
2024-12-23,107.01571040833795,97.88081463762182,114.27619155911334,126.977127053897,218.74392828732803,115.38584374457719,131.05353168062177,122.8016921075671,126.43380886841938,106.20842242693845,101.99716709820093,106.31131683963726,97.82072740130502,114.03648926870234,111.4850537422735
2024-12-24,108.26002021707639,99.19599066506208,114.73488797603589,129.01094858638442,227.6137976082003,116.16696961877584,131.87541110761074,123.81663142535098,127.63392193243442,106.42375273915434,103.06827600870471,107.31199234956489,99.22406291160033,115.30409361345266,111.87197471294287
2024-12-26,108.1083015370454,98.95165906074665,115.07962599042335,130.14891016439657,255.14357906519064,115.95514690797486,131.84458039854368,130.1710962810639,128.30155990561857,106.5160822398394,104.60268353442248,107.703559709096,100.5385775649493,116.12260480941823,112.08025408481255
2024-12-27,106.05817945137868,97.70705167571258,112.81651683844906,127.93848268848974,248.54992812535812,113.53150985117325,129.2604444997899,125.93912874332679,125.61361510219565,105.66504234003527,102.76066832599702,105.70410249316375,99.20864666070545,114.2675879740391,110.78234509451123
2024-12-30,105.70366406144053,95.79075385858299,111.20355439048116,125.68960577718892,247.84950461972903,111.63956872754441,126.5172005164455,124.09883318110388,123.78113117881776,104.12381600517135,102.35619943128688,104.2651296481634,98.0989588272881,113.99927224075371,109.94524736376262
2024-12-31,104.9263209066221,94.67338104975983,110.52995724697134,125.04567649865328,229.84042778654666,111.10351382260417,125.95283061976838,121.03554000691494,122.4363722134057,104.08879841409635,104.05794007103275,103.42619659817403,99.93108507853393,115.2033242163705,109.50432285860607
2025-01-02,107.79981774868257,96.15710320121616,112.27408544382466,126.28737851565545,227.86940009248866,112.32557177325393,125.93736826611476,123.06360990557329,121.3704482188447,103.51625905056852,101.76471005913677,105.27261134520666,102.34423587351931,114.84900100739297,108.79154016138416
2025-01-03,112.30731160477877,100.09205503678083,115.19493574555109,129.6348720991916,241.95739596179516,115.25917104550912,128.94246458988292,134.73190278081543,122.8650112375376,104.05383360139005,103.30250107260183,108.43494892599212,102.70112903080012,114.64448815921654,110.21916974052439
2025-01-06,114.2530933048853,104.6098876651186,117.1102705219375,130.66559043145725,237.50464247416758,115.81093632906122,128.47963962429,141.88955298102331,124.37671234045715,103.53211004276736,101.45598245565216,111.4828383340196,104.71224871263183,114.61734798541981,109.31959994518296
2025-01-07,112.60623161794888,102.33994582633731,115.71415306003131,127.18517831582574,221.30615854240423,112.56489471228703,124.7803074546701,133.1947706916277,120.77425417739558,102.55216973198218,100.21181273715558,109.3836491156102,102.64136406347701,115.12533913737256,107.66136391461026
2025-01-08,112.25201018054908,101.41393320668129,116.5665165600615,126.44557104681618,197.79883384155656,113.60473896672576,124.99200040699341,125.93115103724608,120.57805892103889,103.00458174093698,100.33561887504436,109.78538342088943,100.4503124192147,115.139993128808,108.4800169442592
2025-01-10,113.49511802812826,99.39920371098937,114.87739146451217,124.49027067287561,190.71762855151889,112.29521233938615,122.61471009001316,123.56072303712641,118.77289959271393,101.32064987356517,98.15915708942924,108.20567547470078,97.4608599097472,114.49006906015254,106.10089937175113
2025-01-13,111.32684262906487,98.20833520565328,112.86143800560956,123.37011843397647,178.0313285000528,110.59839959482629,120.56248794270853,117.54877183352694,117.6788420402972,101.64334644321632,99.65928769920838,106.74423127988639,97.71794018502939,114.22537183103474,105.91594542637212
2025-01-14,114.87754799994173,98.68106895176673,114.7132689948871,125.31141882608736,180.2988498673982,112.80344547222134,121.89173816245852,120.50731885524952,118.870063603274,101.54518772907711,101.36901162215489,104.81466481820178,97.38744005604038,114.3383735532353,107.59115385217159
2025-01-15,117.33347154405601,101.00683365641878,117.84895220454781,128.37385365506725,191.24548828408314,114.3375240271801,125.03518042033748,126.46372189000051,121.12624128667164,103.26616348744795,102.72051479386214,107.69009249308016,99.13129180860882,116.72900412110006,111.11919166163163
2025-01-16,119.90386914440016,102.58161802626857,119.05887409078277,127.05403225982964,203.05406415610713,115.07458144351588,126.86405774760527,129.61001612039934,121.9445809940056,102.27469643230103,103.28430565330305,106.5821795840278,97.23170106439356,117.22831456513221,111.73819473535066
2025-01-17,120.04698167492278,104.86692634283622,120.55293611178516,130.23756351938792,198.7145501210527,116.05662856730683,128.26090687441794,127.12087061941867,120.94351592561127,102.42758637256128,102.87361711054533,106.94047479940649,98.26251612854715,117.4163715774232,111.15576524511391
2025-01-21,125.45280798274321,106.72308474144164,124.88745088189185,131.5503543676511,226.52387432573465,117.86680692880715,129.95850412920396,131.2822637683033,123.44670154237667,104.03420896927705,104.57353967451677,108.32283188796639,98.93874257062407,118.34985459495564,113.64523110838337
2025-01-22,127.55823792820452,109.66781970128568,129.98490636645357,134.90732436164504,226.8146354185113,118.95283481526542,131.37032632013253,130.6147740256966,124.22449208615419,104.54687131493274,103.9142788477204,106.4950175476193,99.1152946190631,117.73060145608646,111.68621856863948
2025-01-23,128.85271868087872,107.8140916322215,130.12513554205046,135.94703873665998,225.62214516613602,119.41787944064188,132.01448686565524,130.28624864693063,124.66097774374983,105.68975036017297,103.51227089334718,108.058807768115,101.62061964139146,118.95739320849982,112.04421232336234
2025-01-24,127.6406482020874,106.37609723275831,129.41397435713031,130.20569438457522,219.82508430014946,120.06078612429339,131.81299520548012,129.4364831180122,124.04506269486448,106.17954895294712,103.09349465398131,108.34240066724175,101.81511053281909,119.41311499466867,111.62175332939914
2025-01-27,102.71124555162089,93.81123563477281,115.02876847399007,109.02004604496946,204.86290771045296,121.17811489415071,131.0193751731013,120.79044786003331,126.52872073171413,106.38512356151536,104.51199363396185,109.19748327894781,102.48497167316393,121.12290561035287,112.3625165659825
2025-01-28,105.99900522172213,95.1331028223345,117.6824847339756,112.47226126223322,210.961276443464,130.68329986363491,136.66043701304196,123.32697161412105,133.06069139925157,107.15915265348572,104.39855049941511,110.96477165774603,100.7164972072383,122.20571957492753,114.28965793232851
2025-01-29,107.86126696825221,95.68065721475277,118.68813359741534,113.18324241756545,210.0086442814355,127.16154548869216,134.8723083703297,120.29025619515963,130.58937852025934,107.04830526135089,103.85537244491911,111.92333061363365,100.31478207479456,124.34609987893134,113.07764030413969
2025-01-30,113.0173916079025,99.09762058184191,123.57107290544073,118.13909152116541,218.2849455515749,125.59298350888619,136.25168835467727,121.31972427964608,129.19740515741353,107.4246110515821,103.60957523926349,111.18875133635358,101.04816963432205,123.1290525519541,114.28267922205153
2025-01-31,111.61068274100529,99.46848640215477,125.58537784532116,121.70011887065876,220.1505527322663,127.19807316582705,135.36975548792338,121.51675945933273,132.18952811301997,108.20220536390345,102.31839966370846,110.27416652241031,100.09134685857069,121.42895193878313,113.86220391475884
2025-02-03,110.87591054622551,97.79743821064984,123.03368074692652,120.7650055073163,222.70983304198452,126.62739393251003,135.78952584248455,118.39892217905611,131.50213394808338,108.39435252935428,100.57589135114952,109.9285804568147,98.34863089214299,121.20792812391853,112.86166987162386
2025-02-04,110.68828770907254,99.07234977324983,126.93255333325071,122.10610214495345,243.6817497279019,129.55295948628776,142.87883308712227,120.12956664099845,132.95640407671675,109.1468370470222,101.9118331042267,110.81468151344986,100.58910307719319,123.7236675276315,113.23353967446748
2025-02-05,113.20765129845684,102.35346779599213,132.08294391759287,125.72875213653833,277.5847609042291,130.8296677176074,143.28414972247663,121.40455564951134,134.86073342288063,109.36615808066983,101.56020134859257,109.88804511426191,99.49883024355908,123.5137765446729,114.84058429409106
2025-02-06,114.5949985063808,103.20550609163922,129.178415884533,127.37155312405605,269.61641814216694,129.6487859360543,145.40834446665872,121.42656440655148,133.7043221891632,110.28186591618838,99.76607656749442,109.57698406325987,98.68999031415214,123.89124733399089,114.26927229640094
2025-02-07,114.16117092832549,101.18594745688118,132.82816679864928,124.39274303134782,296.3988019500547,128.67040055051663,150.12186631197062,122.86163024043127,131.93857205412394,108.52398602992221,97.71658406681016,114.45563703362569,97.61866381281641,124.4709684561293,106.43882192592544
2025-02-10,115.675017203881,104.20002908181159,136.41560958317595,124.53525470275788,297.96140488095136,131.26342933438846,153.9199941474447,129.31402481497918,137.70449525376245,108.30794355497235,99.17883410762501,114.94863886276772,99.21745466698624,124.34213852027084,107.15681589501938
2025-02-11,113.21437742527117,102.87710883504009,135.02126314180092,120.5979569648114,277.5513436574579,129.81591998900544,147.5094935996479,125.50838395768773,134.72189815399196,108.7104981754899,100.29911772685193,115.13382014468571,100.51741388247771,124.06013257726985,106.57864510133372
2025-02-12,110.57192711585657,101.86534019171047,135.32310129794493,119.48560135089176,303.10231205884565,132.22558307903986,149.29337133316915,125.41494183221484,135.0539540924039,108.56271485745714,99.29264284374798,115.63353812468523,99.4902535643777,124.39506722290805,105.20185489167683
2025-02-13,110.34470024787498,103.7032295299292,136.4113769695634,119.73405631344099,309.99705967412444,131.87062438059982,151.41694104730655,128.76770351830444,137.49675554373775,110.00539333544863,100.29289691785239,111.42085532585311,100.88282086117125,124.84054577600693,106.57698723007579
2025-02-14,110.49708892882205,104.19368965185161,137.05985002072,119.92002636023008,280.7444009070615,129.35311541255433,151.96185246042506,118.03155718694792,135.80517928285383,109.52891726360838,101.43402621811414,111.10289443034453,102.4926597605115,127.57367408859392,105.04640501793895
2025-02-18,112.401225448354,106.63952155885664,138.95179888975355,122.61905938064328,269.5492253193284,132.73337504025727,154.6584644088693,118.14953454590429,136.87984806228053,109.73522846329352,101.01840902408142,111.76916145739553,101.53443394396525,128.3390253983083,102.46927367148231
2025-02-19,112.48807998638415,107.60997628350356,137.44709027828998,120.03507531905787,262.2129883961485,129.5928752581917,148.98200630672747,119.13292547097126,133.09576026603852,109.08097724588333,101.17051943926238,109.15755102708759,101.80638119356422,127.0201827423622,100.69232117587865
2025-02-20,109.67946927690191,107.02375153812581,134.20974061767376,119.03218634469565,248.54621830124688,126.41901942898347,145.63504921932312,118.05835087072622,131.27225828543845,106.02563206568976,99.81967540741691,108.57423374204745,100.62557656449209,126.41657335410414,100.28245628336263
2025-02-21,103.22623805846392,103.4121530724833,129.72874039687787,115.76433949809719,229.520927661823,121.36868036209634,140.0042563638523,112.04090548987438,127.21413527087893,99.06811279478968,98.29621207453792,104.60854633576889,98.80523613886193,121.23479340943587,98.04782446713929
2025-02-24,99.88280938884928,99.62465298894352,125.38603000695159,113.24113689493133,213.77439019597142,118.209572972521,137.1278831424265,108.28756176462993,125.98031612210738,98.35857405761473,98.91047475841873,105.62123738307245,100.29780578217893,123.93931322334224,98.59243259851425
2025-02-25,99.59632201586986,96.16782228830238,122.37588977411392,111.25773763832112,200.9393215376223,115.52083929735235,134.3081629139627,105.63118488629479,123.37766428463897,98.03903673952694,98.78372400712888,103.7700164337818,98.77706039798244,118.82806166119572,99.66904080222747
2025-02-26,103.85318867671675,99.47432173888137,125.53238336084178,113.76127508732732,208.57936247703583,116.34174867106317,135.83620029688075,106.54725870793415,125.0789031473713,97.79777142000596,101.2529736757713,102.40159292183012,96.58084632644665,119.83129192625563,100.21455281506546
2025-02-27,98.58085141740219,91.97169681057845,121.32034921717343,109.30800110665834,192.41728923448244,115.0881582265761,129.25813503158898,103.43236014969588,122.30119541806671,96.75972156584207,100.98264562038514,100.82288829760677,96.49489686521898,116.04357334898359,99.06432707438161
2025-02-28,99.90650010721248,93.12989791837761,121.7697406669911,109.89401721786426,200.28920166587702,119.06651658124595,126.67110702143039,103.97563561890259,123.66169422533578,95.44175942586854,102.24543002598851,94.26484207076534,97.48383421061112,117.91229183867361,100.6257399943349
2025-03-03,94.73555905017918,88.29791316345342,115.05265535093831,105.50691332105876,189.91935420126123,113.96661094375092,123.93629423708845,99.20542290965093,120.84631854650407,94.01480877936382,99.39056093979832,92.24932713234936,94.8617512800927,117.30206857456005,99.05602909406572
2025-03-04,94.9736563939155,90.09390586606162,111.83963941490474,105.40277203973694,186.55622850262623,115.34425275445993,124.09316852686885,99.03736196127412,120.6957128411132,93.78648335207902,98.51671777587947,91.22213839031922,94.7074863948678,116.85552064896127,97.8541151546096
2025-03-05,95.8766697954308,92.0673440908195,112.95020954286443,108.17972662001694,192.79394229484546,116.43351442781044,127.30121446245036,101.88478349486657,121.80707169001445,94.86173488017582,99.09516742833563,93.46928895125717,94.36078094414592,116.50031941033642,98.22559796412405
2025-03-06,89.45176180812854,86.43449533003006,104.62118134549118,102.66198749499654,174.80835980042923,105.320116593837,121.99322639767874,99.47106350864868,116.27639989726201,93.49009611809596,99.68064825208504,91.2687431802844,93.9621334052415,111.84648118294682,96.18845566908526
2025-03-07,89.41653873595867,89.05529413895901,104.35904048567384,104.70267557878383,160.63796008002063,101.4891201294658,125.38633520532137,101.0895151730818,115.73780857941458,94.25266704326357,100.43328001882165,91.3260469784836,96.8892957733411,110.17207712670368,96.44214667791954
2025-03-10,85.43117700592852,84.23828735746994,99.15983620910517,100.08230105023824,142.66796941403263,95.1388909776027,119.78655632174316,96.08148003766843,109.48988403330623,92.03907402990562,98.20027579755018,87.26038405585676,95.10340204926726,108.23906517678971,93.50305916233077
2025-03-11,88.63227202256195,85.1211723447861,101.57725450463158,101.92403629285835,147.5737645161791,98.39671264212312,119.16043551445256,94.89397987697826,106.94472053603536,91.18220937049372,97.97707001756746,85.92123202557129,93.81007942547305,106.65863192529993,92.63108475165718
2025-03-12,92.52340466015723,88.17751262315853,103.30012831211772,103.24715420865303,154.0385448658297,99.86549633618013,122.94887762760477,94.85266354181856,108.8081237850436,89.26586133104573,97.28566353620724,86.93964272732437,96.69586833866575,106.48917736848924,93.34727218745596
2025-03-13,90.61570664242952,86.65245385476852,100.28914023002802,101.47483347021524,148.61192096566242,95.69000708983826,116.74480212710134,92.08490598364453,103.54074225455977,87.05434579055297,96.65591039746273,82.26500379865206,99.42984556790285,104.09444046999056,92.25452427420173
2025-03-14,94.20083388355864,89.99754224631084,104.21464502483067,104.94160716055634,162.47178406492398,98.68165095119708,122.60290396668047,95.55282384066885,108.96885275062009,88.89266351548652,98.66430261873568,84.06380502125786,100.81224901829475,107.41789364753711,94.14450901126243
2025-03-17,96.11961939616761,90.79625130877803,105.45306978436977,106.91096358589589,161.44494905056894,100.16966041892985,124.10808104648375,97.75764471292302,109.82036998548797,89.91423329007627,98.77593655129189,85.6693159303539,102.42054711466963,108.22536825438672,95.46108837882788
2025-03-18,93.77973533324361,88.67108915041298,103.31933527898559,105.38212225840137,146.67390214604026,98.10069360582654,122.29577678149415,95.02425452789825,109.1396734263357,88.92723438599735,99.01131675216678,83.84514985786096,103.84640479845794,107.42408055185238,94.72286649733331
2025-03-19,97.0568423115575,90.0169826745791,106.0348796838676,106.70676818019399,150.99863754685776,99.9266273897907,124.86573392468387,96.09130819987324,110.52075297189678,89.50039760471886,99.97002410884016,86.08866938216299,108.17879558652501,109.10991320372143,96.25818577521218
2025-03-20,97.54527361247817,90.04515514995603,106.86458475034244,106.44259503998236,147.88205649818008,99.61202859400957,125.1423618602065,95.28379803990771,109.63601556911628,86.85617463011747,98.6388201278203,86.63626095362905,106.06181004962005,109.19835898328009,95.99626421182572
2025-03-21,97.12053532287128,89.26460458343098,106.67452821155129,106.49258380018088,152.11375965246376,100.7931400109583,126.61507889034947,100.32756339872383,110.76436253614152,87.25679598080112,97.04539527011784,88.1143839164014,107.84645853667338,107.99516383016162,95.92181837139009
2025-03-24,100.4780534742523,91.45234819639008,109.61852585124439,110.85592794529282,167.7873023821854,104.2192698780499,131.51198771720178,103.97107202465469,113.52287164663474,88.27258465468826,99.29528097188546,91.0951098253687,106.4577894556127,110.74792348696039,97.43274740585954
2025-03-25,99.12143379579612,90.56555105384307,109.02426903960527,109.58909511193686,166.9108498572993,105.02600267778504,132.6371350596139,105.1893918275664,114.38209420392407,88.65175334724394,98.11357642315156,92.47203421899309,106.51157262112004,110.37055400477384,97.91021610343545
2025-03-26,93.90473848819187,86.54694449680649,103.93540399468193,105.50887081876351,155.31525182538317,102.53162286469212,128.81786458617137,101.51948409699952,112.1217612566564,88.16175429288054,98.18245204819662,90.01657491048299,106.49912941037954,110.55180468467401,96.38693651825301
2025-03-27,91.24720413292643,84.31273151787688,102.23855822484299,102.50387532849864,147.76509126106305,99.70134497407034,127.96297034241985,99.02056962424267,110.18986774555579,88.06671707612173,99.27330268811939,88.40285065383483,105.27733819050214,112.3895323540791,96.0017989773475
2025-03-28,89.77175735547598,82.07625803783345,99.32385557543542,100.61007953092555,142.95097805512813,96.05288669359138,123.9686473913065,94.9671734723365,107.86241190565872,86.30703323697001,97.0303709945163,85.56542829509846,101.94434390792527,110.45279927836233,94.23910063097146
2025-03-31,89.65828540035159,81.64505616533907,97.38050878399771,100.30984491891184,137.74360728656825,93.73095621715389,122.34427350427845,92.62812598989227,106.06813302855241,86.36901316763289,96.55064345291063,84.3656252278475,102.5201004525913,109.93408780273919,94.31984020671838
2025-04-01,91.9849378139963,82.47248767967777,98.47182964486855,101.3124968733013,140.62402321115064,95.3627398154863,123.4336746865084,92.79312388210434,108.35878136886149,86.49467432675608,97.5874481317801,85.78936832839777,101.91561012388924,111.74256494962523,94.78984158126686
2025-04-02,94.95421745501403,83.12251201203722,101.48627764013456,103.76079989220491,146.25926287369057,96.29512807777834,125.76805414348182,94.84549504201313,110.27125805194052,90.50590568801447,98.51651946922367,85.94643876205059,102.80277624777591,113.22717333442958,95.85599104388433
2025-04-03,86.06995325643835,74.96978993600997,87.17311982060279,92.0688036976043,137.11963244925101,87.50073020958972,120.68914749277575,87.10004545789064,102.3585680603008,84.62898648261653,93.88218358352623,77.7159013057232,94.6943273205037,109.65155978413458,91.14349867962916
2025-04-04,80.3228894199463,69.07663344686597,80.8089952950263,87.08001288343898,125.18140840142833,82.35768507823612,113.10054603406454,80.8177189924241,96.91735921285509,79.21832281945353,91.02617416110586,74.4993001329938,89.37681433703499,105.41245990706469,85.14860915339477
2025-04-07,82.97948427905985,71.59775809016402,83.28000439039545,88.822834274254,129.30289350908149,82.25679568824164,114.66860765666112,82.84057607384771,96.24457836339471,78.50723582028974,88.39475397877418,72.62821267049449,87.31449779987142,105.5918505911612,83.75262276154467
2025-04-08,82.8570600415788,69.75742417585788,81.4491094057455,86.99107351641558,119.94621510661122,81.46874362110734,112.79181269815288,78.9328730149848,94.8713780175198,77.15216891716143,86.5781917664995,70.50285775461425,84.68254127180148,104.09866735260984,82.11647033305086
2025-04-09,92.97740421045383,82.41388923990262,94.08233953188778,97.6326250654477,143.8957428487045,92.43882035746323,126.73283524454835,89.51816503331744,105.80266757732602,83.50494859204487,91.89430073666651,80.9242084119429,92.90268058048439,111.04810341002937,90.02705085742417
2025-04-10,88.77526437614677,76.32092124253863,88.67579146868805,92.19926463760521,133.23305583289886,87.66634505441151,121.65341723045589,83.51458475508463,101.34830550296857,79.62746188901232,89.357270350005,75.21992643480526,87.51528556312854,108.79278809104152,87.68332044062788
2025-04-11,90.7357499062389,78.37308403965297,89.98257642719706,93.01893352837857,133.90151812465893,87.59044404521201,123.84330037101941,83.80762562330307,102.11188803650037,80.15620802599207,89.8303854658377,75.67829183882344,86.33300964217047,109.1468790328031,88.61918622692204
2025-04-14,91.53110449021678,78.29498888200622,92.03095544981508,93.71968469443833,130.0246754521076,87.26504526548081,125.5832346882602,84.58740476272223,102.85297865160032,81.2378588962797,90.79848445828044,74.43553005159254,86.55273099632457,109.87523601508201,90.27611449049759
2025-04-15,92.45242321091591,78.90810245573523,93.25760466709887,95.1608660017749,129.04798494048197,88.53329935447917,127.45369583976112,84.00504543331246,104.32983420891341,81.27114887198408,89.2272504609803,74.56791120364662,88.14724425493846,111.41099932215758,91.084687929526
2025-04-16,91.77046977051113,75.35417376430657,92.12377829041557,93.66272687135056,124.3857479270915,87.81413216214234,124.46891453808065,82.29011371748493,102.60372519667764,79.78482905356637,88.87586444361158,73.45303916339775,86.04547936916849,111.11247394962335,89.65670417276937
2025-04-17,91.87166688455953,74.59479836019409,93.6618810572852,93.99401904541926,125.2176436102088,86.9728860870266,124.96959438370351,82.75749399678078,101.60968576269183,78.62130027916629,86.37668550453341,74.03116681214412,87.16550960560151,111.56266986763367,90.28300868920711
2025-04-21,87.41916375532314,72.26040247310546,90.31258250347985,90.72607010613446,121.57206191340472,83.66658510505742,120.71409970974976,80.58974534553984,97.94022994451996,77.96540392419865,84.52792601065028,72.30824719422976,85.45908385843245,108.784371586457,88.33726948025733
2025-04-22,90.76632546233962,74.11250862383382,92.99356621303123,93.18263939092546,130.17208539246536,84.8773987454692,124.87484691273866,82.38879447399009,100.64322229741813,79.40076115687381,86.06951890808375,73.84799818454765,86.74310026549492,112.22282795122503,91.85851332065353
2025-04-23,94.32711454669062,77.43890441659926,97.2546665575306,96.36829328770175,138.93901483070232,88.15242953776935,130.88230316698372,85.65975571947078,103.90725567081995,81.37564975699175,86.6843067473969,76.10629899079218,88.57688549659525,113.74040888113943,92.86996159491554
2025-04-24,98.1609415725165,81.61801210532903,102.48180393600092,98.72206652622503,148.68238673010086,93.54130207753416,135.8044281801584,90.87236146133948,109.29520727490824,83.76871406277951,85.92993955833057,78.48027395265639,89.65781076187537,113.58435233787979,94.94379777510026
2025-04-25,100.64338147103568,83.0202079291664,102.35873006837369,100.46103061321084,159.22168051711415,94.70531849015751,135.89213888800788,92.00678824893448,110.7966710171786,83.47616601921594,85.63838821920774,79.56236847574941,90.47405262112932,116.66623187888462,95.27353197710741
2025-04-28,101.01876542236865,82.67987950209707,102.2451034363991,100.64625288270513,161.88836318475822,95.03087568044546,136.84352219326755,91.90542485407417,110.61066891343884,83.2951063212639,85.13660752266061,80.82606315113665,90.95627680518639,115.83076345414892,95.2673137123773
2025-04-29,101.40764755840854,82.03220471955511,101.96377489926229,101.45151645749925,161.2906953633314,95.6239899622361,138.77204027579057,91.12261779726322,111.41140079111085,83.96165524229592,82.83184501706793,81.80010980812129,92.02564604086169,117.65633442677027,96.696984259961
2025-04-30,101.31008589650783,81.94748872033382,103.15615668859206,101.31415232081648,155.2903862781962,95.28767761210337,139.66395342662636,90.12560277555787,111.62611689323971,84.72344541640553,83.00026199554398,78.56116789739167,90.2102455371905,117.27819461709444,97.83578053883701
2025-05-01,105.77702253174179,82.82263499802598,104.94141791515278,104.5507365851028,154.34273723974408,96.85574333267188,139.59033663149944,90.79593033353967,111.51314408658439,84.4261823106991,84.05918121390395,78.18647339482798,89.57054323464035,119.70985316426517,97.99815106496114
2025-05-02,107.91698690998426,85.77114323806427,108.21352462752449,105.33735907613523,156.80759351857753,96.75545809525741,146.92028905163318,94.72494328448461,111.60521249974606,85.79696949354236,85.92124801741463,78.97135917817606,94.09713234272803,127.58000944907853,98.2858099512692
2025-05-05,108.32189882219048,84.92484201893183,107.72109780306359,105.04995466915307,153.12755662654143,96.58223530638354,146.9994126032302,93.27933991733956,111.1754064463538,85.31711008157606,84.69157375054924,79.33356850442449,93.81667900310126,128.0348514754141,98.1676330772438
2025-05-06,109.53542783797393,84.35014210215066,107.57171870117752,104.39417627472196,148.68143313829643,96.81979671830132,141.06356628724166,92.84046026774016,111.21962461288031,85.00054044716389,84.16051244911917,78.65311756499919,93.79176996756601,127.97760398388805,98.08512322200842
2025-05-07,109.70465676289916,85.31465363877625,108.4551115522617,104.67290908696597,150.01165755923762,97.98768462559293,142.55572606775547,94.58752269042016,112.17739428969955,85.33919812341627,84.30210401310396,78.97176165308714,94.19597436488779,128.9360297662224,99.21919624184137
2025-05-08,109.81789161921267,85.57701851026506,109.32140867505859,105.0544632170217,159.202300064947,100.70536079662857,148.08601348978743,98.27977017478777,114.3237635385381,86.96738371136195,86.77432841744933,80.90059971367812,97.97576438228124,130.09861373376495,99.84145470926651
2025-05-09,109.28143539294433,85.87847050241169,109.72617252237306,104.73172724184967,153.3993611338273,100.28584621824768,148.18481659300852,103.80839657759931,113.02495239166971,89.40797912376294,86.39172162879427,83.99192763127235,96.5456550429277,131.7497881683431,99.03488478668345
2025-05-12,116.0010326498076,91.8579286488598,117.05898387193022,111.12721641369833,165.1254533909073,105.6962521746518,150.7098609476448,109.53846632297733,117.84816770075751,93.21358081272186,89.48493421728261,91.87911027069224,100.13274161473467,130.92667862883815,100.7366263533146
2025-05-13,119.43849159622708,95.9380765393462,123.25719323606286,114.37978559461347,172.95574069616333,107.38791767055886,154.4694672304333,111.09768766066665,119.64834446481078,93.01672438583702,89.71851382432806,92.69553628312086,99.89283545990611,131.58384965300417,100.99617538312253
2025-05-14,119.31176026424454,98.11703064746297,125.34191547670459,115.03128733734775,180.6498063746186,108.59506043731383,154.9541416622817,111.6848772181478,119.42593796782293,91.56605044213586,88.70893826557639,93.2243519303481,97.23808825904364,131.20494146721845,100.7553622306228
2025-05-15,118.55707998360127,97.58742299252816,124.51041890813879,115.72468089354831,170.1749307751797,107.38110195624719,153.04124434306766,110.51618983513035,119.6285829603504,92.07838206195676,90.07309947740275,90.34051283833956,97.04795543776368,132.18992126109416,102.00567978548503
2025-05-16,120.20946031209233,97.44869982235004,126.45638022957735,115.73988855896819,172.98764787887893,107.66940465309482,152.49792681268158,112.29288564499042,120.31769198759135,89.08393072141263,91.51061475809591,90.53445358976717,96.7293070663955,134.26711641725507,102.45613499834695
2025-05-19,120.94402786811087,96.79250147146526,126.19709666442866,115.93267925548419,166.76169246846365,106.56466220496817,150.7323578136403,111.5449018893747,118.9579552576015,89.50756153130926,91.80807646240211,89.60188554947496,96.2245035776624,133.04286170697642,102.81754188431772
2025-05-20,120.91278567779506,96.18841342244855,126.38078663518027,116.85384116513475,162.07764539465796,107.24735624055657,150.5007632615797,110.0030102613852,118.73611071438725,90.2142156456983,90.89073127999816,89.7621591630746,96.59875790100531,133.43379313588102,101.78598370075483
2025-05-21,118.83003312924451,94.67353001425958,125.2396521217008,115.6783906378411,156.6364937007092,104.4616968128238,146.4038190651612,106.74612827704524,115.40215490499122,88.47761195460622,89.04954544121992,87.85296328223357,93.40585008687519,131.91548814646325,97.67903285371229
2025-05-22,119.12324855692957,94.7404698361641,127.39323885872226,116.03203653578475,160.12691387441606,108.69784560653703,148.0239695382856,111.59223248793056,116.35546208465973,88.46544831656044,89.10217511304867,87.94998323818665,93.45717833815004,131.66102217833574,97.53684009595479
2025-05-23,120.51736036987866,93.27614185011772,128.10822159536812,115.74740546639191,159.9099198028472,107.35908940278127,147.73394600282353,110.06906673672405,113.05963863391325,87.16598079070187,88.21258428500295,86.03750981140949,94.25664052359043,132.13849228274714,97.44975564671869
2025-05-27,123.06911036092525,96.67912641843645,130.76242537832354,118.10988325586348,180.848181827556,109.58774515518748,149.86713862096147,115.59447016360981,114.72539374960766,88.56742364155267,90.81638340887604,88.49157729597636,97.1075639259115,133.97875663055083,97.13425634229037
2025-05-28,122.78238472113502,96.66078601914425,130.75602683055894,117.13922951741677,170.14005380294435,108.31091270725611,149.35547097732717,117.02597556350977,116.85205596397263,87.58176973774742,88.12295845527379,89.02204715622742,98.11481268225313,134.9806122220468,97.44527553899674
2025-05-29,122.03755145707173,96.39122127678722,130.72373222094515,115.98888380307694,170.2526146827907,107.81311048213766,151.12269500347915,115.83237764633948,115.28653370169991,87.74905157664658,89.39881253167191,88.04441349572342,98.33634764813826,134.62780186028698,97.4983333017196
2025-05-30,122.27340236776979,94.09206030377631,130.13743222647634,113.25798732847173,172.48192915269397,106.45454456360167,155.279882240569,115.22069671584381,116.67626331326508,87.60978736429433,89.0952997473296,88.1042212594906,97.53964228108696,137.15896927515547,97.87989659568433
2025-06-02,123.9279645682344,95.91592037919527,131.23422525111954,115.47289077014732,171.03132398113198,107.37427335169225,154.66288435926384,116.57610109715675,117.0704374638907,86.34572812368827,88.43791686967575,87.83606487751787,96.5571799101473,139.99368678796498,97.8830133987845
2025-06-03,126.74662744842537,98.21314255767021,134.89127974651745,117.7983575929571,168.41319689301173,107.9700700952474,157.0525755427119,118.27090977306564,119.06336298047268,86.980032223407,89.4531580497183,89.46973791540579,97.82928886042785,136.77266790501636,98.2838520062278
2025-06-04,126.27247570981962,99.67115456911544,135.17372292577528,118.66702873729196,178.38849862921376,108.93240288057002,156.7522572679853,120.29859409511765,115.81717059065659,87.474547757907,89.4396100450534,90.82918926979438,95.56287365937996,136.89571637472895,98.86570907232279
2025-06-05,125.42801057611973,99.1412011429224,136.25869268044067,116.01621315469913,165.02485383078678,111.88111990363184,155.0496017269875,118.90711411064785,115.93150789064377,87.78792242145754,88.56129296070853,89.85176596066334,95.49750858308195,135.02384418383346,99.0100253749867
2025-06-06,126.84511073329911,100.11551330560974,137.96104836250115,116.57000350074335,173.18918069967123,111.12506697335996,157.18730938124423,123.11413207795037,113.26128028858518,89.01469899647051,89.95766724507833,90.9504203625188,96.31986939812315,138.57557897844947,99.41847632439148
2025-06-09,125.18193843037976,102.0186903814635,139.48030743327632,117.02285200462693,174.2433318946923,110.35312157050619,156.81504071174723,122.9024241637325,113.59001168156601,89.03655002872821,89.2618630483,91.38893342151948,98.65947070501215,136.2692175976369,98.83018195791595
2025-06-10,122.61634726144291,103.644373206103,138.78170738217932,116.41764382875269,172.21753259416846,108.59070951749014,156.29217750508437,123.34965131077729,111.89059565945122,90.40099597001102,89.54514326033198,92.44452491578546,101.6194662289261,132.78067361423084,99.07565120750706
2025-06-11,124.77839562463832,104.17310631709314,139.76641093334018,116.69347989749272,170.65941337194803,106.62458691759647,156.22904823180028,131.41018000974526,109.91097449262631,90.45200953069487,88.61487036910327,92.19878808157056,101.72630483720286,134.27943770035472,99.02966184543372
2025-06-12,126.5044853393203,104.74744358498587,141.15017426880874,118.46560715342382,171.08845236230704,107.09824260049768,154.9697849912259,127.99691514798208,109.20968453724004,90.07797744361544,89.37498471042713,89.95062051275225,98.92673253835127,134.1380563496055,98.57533547068279
2025-06-13,125.63760185213619,102.31992761330959,140.57860014492653,114.71105956691422,168.18273770943537,104.03084154006716,154.36061164506788,123.07297980196842,105.98770536159971,88.37627363677862,87.15414944788138,87.77206076952774,98.41744881341782,133.2420154170688,97.00261627506201
2025-06-16,128.08594387614252,105.89883858589803,144.21133345748677,118.4231288316433,179.38791033378953,105.08719016752384,156.11915627450324,130.33423407864223,107.5395114857783,90.13770498549582,88.41535736011059,91.28307387303967,102.77354636986855,134.96109951596242,98.50198549202906
2025-06-17,127.66765865543489,105.40047965591735,145.68528251784986,116.72777786886891,177.64711229262062,106.2224996898083,154.88958290562843,126.01605535466554,106.82199544941395,88.83609914731989,87.68160401445996,89.66336915375821,101.12101245948797,134.91254345576013,97.20479742414226
2025-06-18,128.75750027127773,106.25584030561835,147.3327274526906,119.27662521836734,178.64397076419272,107.08582620802962,154.11637847922157,130.8528847194538,105.7035776872849,86.51105566971472,88.36013860925999,89.6669797502545,102.59125430733188,134.9614080256867,97.32834626125121
2025-06-20,128.50820481586894,105.4714865923466,146.65853342843272,117.86709570470889,178.44836736794247,105.80944104614994,152.20841436472242,130.81386227246162,104.64523878775856,83.53427843676525,87.07536887632604,88.95687808209941,104.32409177077733,133.96887127963745,97.4452366415417
2025-06-23,129.90686470892413,105.3502752613827,148.25128610484666,117.68993683578904,177.81589090423353,106.42546035484419,152.93260323594723,135.7385140235321,104.94497030933444,84.76576410624924,88.29086470080946,88.80961067390575,105.85927014849632,136.53693469897823,98.9684655293988
2025-06-24,132.05386966522067,110.14540640015026,152.84897029014252,120.27593990496398,196.40405051918466,109.66887265132438,153.90319070894375,138.9813575122073,106.97322216013022,86.32937047867034,89.03238548674427,91.76788336690117,107.24692754275274,135.78450625866446,100.60318138337145
2025-06-25,130.11567677774212,111.93713284425449,155.2499516558967,121.59975050238957,188.59574455325057,107.87404370932477,151.32113838345046,138.27167009746756,105.79668742493541,85.4480833274829,87.41464987548804,90.2780189767296,106.35859859664393,133.26121035116893,99.49135264707012
2025-06-26,131.50642983098692,113.22012983870279,157.0254655382664,125.71426393020056,205.6059801932116,109.3209046335899,152.56375693779358,145.42993923632093,106.85046080293947,86.16560018021565,88.38788224629629,91.0422725297891,106.5685899802132,134.47389220040273,99.15161033809022
2025-06-27,134.22647839607743,113.15251605114497,157.8441688533844,124.02101690740952,204.36039935579078,109.79023813222761,149.25652577132175,143.49052212897118,107.60869966073294,85.96229215454383,88.94790309414402,92.871107340579,106.31373507536168,136.74853955352714,99.686974250973
2025-06-30,134.48304671419717,113.34495993622545,161.6308168744811,124.59309776067548,221.736867544547,110.63681202355028,152.1641575503339,144.51906052285867,108.53014244973735,86.21560040393098,88.7848984366095,93.45699500633047,107.93158247698939,135.3838654219326,101.32052648635049
2025-07-01,130.62314918616474,111.08748424961396,157.8045572526275,122.94989003599137,217.71497629759725,108.80815407364119,148.92940690145565,140.17100643931198,108.34234100328305,88.09709849735106,90.71161314216828,94.7928149066921,109.16659034326784,136.4086909501041,101.54910807526286
2025-07-02,131.13932490226335,112.93511508731594,162.6889112112994,123.26155599176359,235.7333410542605,109.02453493017302,149.05457160700652,142.4720518431643,107.03077050622935,88.14673297659051,91.50219577658372,94.92500224048126,110.54316375977314,133.70507858554151,100.92265091975436
2025-07-03,133.73782770259845,113.5222778967068,165.4731671657407,125.12663159998094,237.52001185969738,113.90618972564232,151.54869082259796,147.5341703787591,109.27220773561255,89.38254990547284,92.0232498379655,95.62072155790624,111.64399320309039,134.95680440812512,102.27005653628359
2025-07-07,134.1159335166366,111.35582403979049,163.1966311391558,123.27197940267288,236.8399635502019,113.95219284176937,153.1645031375435,144.48367992844547,108.97239065099627,88.09129758572055,90.6914400753221,95.0119937029652,110.34759248978351,132.63656349675327,102.18351764350713
2025-07-08,131.79363462852922,112.77394846128361,162.83639648206469,124.04990307910937,238.6756650274608,112.5727875473219,153.503702741842,145.6087224847774,110.0252212866045,89.16758371631171,91.55724491779083,95.40082897241872,113.64289497728555,132.00064469351955,101.71949877750488
2025-07-09,132.83620588464987,113.61152023283036,164.5324812014383,125.40326630136649,237.33909048429695,112.81438172263552,155.7944149664235,148.3011528591628,110.15303219725732,88.9526429324164,91.89781052378574,95.63424181878695,116.68375752476214,132.38980707689777,101.35613088509321
2025-07-10,131.85081017404002,114.36518208086322,162.86888708561293,125.31334857506435,230.75557987978473,108.58296016800612,153.00474512868507,148.79147868931472,106.5649648972164,85.95872126897771,91.36250196043906,96.5312202786205,118.71432489768517,130.02538684081617,101.21931903819478
2025-07-11,132.96102621379285,114.22885018923053,163.12211194667583,124.65156455853169,218.11411839789966,106.31987470540125,150.02779063231338,144.55806183434655,102.56947077769982,83.85590702056598,89.88096187393339,94.2553395266835,115.37689828215655,128.42859640081224,99.26742950983174
2025-07-14,134.269825309065,113.40844638574636,163.90976659631244,123.779276357555,224.86100674735357,107.45441950881035,154.3728484215569,148.0900280895996,104.44946457563712,83.54705541582338,89.98114410166859,95.88158579449178,116.99457691718465,129.20577631886212,100.72788627933409
2025-07-15,132.97501561906054,116.36281464788208,164.5507686406999,124.0519628792531,225.54441989212356,107.77324176479715,153.6444678399516,154.0734301392508,103.03603477000414,82.2227921039535,87.60171059864034,96.54871930193,114.00967024013836,129.40192662964316,99.12896494263116
2025-07-16,132.2546342487759,115.58104368620155,164.73156296369436,124.83057044978166,229.4705657045131,107.71861074818621,154.52837968516303,158.47911134327086,104.22272522286259,83.41196225811426,88.28687688343254,97.75194443665593,113.90873193783133,129.77109067127816,99.60207706398418
2025-07-17,134.20999462653438,116.21472340093821,166.8117313862333,128.06943248129224,248.08354888418384,109.52785535454585,155.42766259438406,160.73635284367376,104.82576559827528,83.98876286068081,89.81699029967824,98.19925414582535,113.56854286211215,130.77829133135583,99.99214537889686
2025-07-18,139.07659668219296,115.5461952584676,168.5792674968301,128.74464866757856,247.3394449756257,111.48650717217227,155.96011321718484,163.94594239021163,106.40742045632226,83.59989225041019,89.36723435359933,99.09783855233643,112.8786307583289,130.7578387489087,99.48170948929082
2025-07-21,136.88753521715105,115.74794048279983,168.94799518315298,132.93457785003443,233.46895144744786,110.79197212238789,154.43066915449145,158.46409942985554,106.150862904602,83.67629265556396,89.03149511775739,99.45553426823396,112.24923380128821,128.84005042583777,98.70773256342572
2025-07-22,136.45211803210447,112.35749336792854,164.027645055948,129.66843207155995,232.7686499700363,110.73169859915622,154.4577831293755,154.96058738062612,107.64886844487482,85.25139042202413,91.39552025061154,100.19156618325445,113.00353646537194,130.13502544519298,98.02191353698986
2025-07-23,143.07082065867687,114.08286814349789,169.31481736544293,132.0297220294742,245.8068122817371,111.66421253638836,157.7124719435135,157.07744738254982,108.62902752331304,85.87565663629422,92.5685026570425,100.23964286886121,115.90387531271718,129.84400247223957,99.21678821479844
2025-07-24,142.97611546317276,115.4480969997823,168.43378700070588,131.85018027634192,240.45843321035508,112.88728980963242,157.5227308440272,157.9820909071367,107.68072814638012,84.34871928203742,91.87195708047805,99.45433256770495,115.18737770953511,128.88433755919635,99.37415961895704
2025-07-25,148.5166375970381,116.05458136823817,171.67762368559485,132.8578091580533,234.9766061759521,114.94768070629459,158.83523139171038,154.2378623229376,108.10200043119737,84.46980424188816,92.00513719211548,99.76027268383626,116.99992778189393,135.4326885869636,99.65930618517291
2025-07-28,149.60611637883775,118.70543264745294,173.31832742642823,134.58173693111684,229.25969202310498,115.4246503779458,157.21465317773473,153.4716050753873,107.8262007130827,83.17180560466413,92.04319353021613,101.42559994167912,116.87419398640495,133.7029651383965,98.92517964623731
2025-07-29,149.75729667413302,118.4792450372916,181.74580826579663,134.37014862228187,215.5843802647953,114.67509399926873,155.54766580820876,145.59798436178505,107.28180808024813,83.03885511240566,89.89098319712245,98.82963461784628,113.48451982666548,132.3448082990925,98.80081073885049
2025-07-30,152.95847297683352,120.52285802305862,181.70070830201877,136.72534223978022,212.4576120111154,114.05483293264862,156.18584589555772,145.9014748240446,106.20883654441528,81.6197089422191,88.54157465519731,99.65407303834047,112.92407524717103,131.36427563842983,98.4225944769667
2025-07-31,153.01161993600562,115.97668596117641,185.65502151150244,138.30114666411208,213.5918624750082,111.08786674257553,155.785099858779,149.88721294141735,103.13829119254697,80.38569154331817,88.02370258140463,100.05991555478609,111.25923032820775,132.04515492135098,95.74876735193544
2025-08-01,151.4702039564734,113.48564556389876,179.98716831911412,134.08543167986036,219.66680954490798,104.8220410015052,155.13878405024803,144.73103867892803,99.51302667615546,74.59010525023776,82.39648163821309,94.96984255561456,110.41270399306846,132.11295124231174,97.28208389648817
2025-08-04,153.83705593090124,116.38666509394761,184.6958915569272,138.80830459914708,236.26055396135743,107.5946282229182,159.130571943364,152.3054196605538,100.54968536834983,75.21128774357015,83.39878010850614,98.83599433018453,111.06506989808392,132.8100956294037,98.53033835840021
2025-08-05,151.10309129015087,114.62485009694619,182.5782876886703,137.0368462866274,237.25942615649188,105.7059584879415,161.28333450695087,155.81771634012145,99.52383388536934,74.02440035605053,84.1254254739661,97.68237718090505,110.07184967008227,132.77911830981301,96.70854744086493
2025-08-06,148.3019161678858,112.40638187921202,183.26513250974972,148.12290538973815,234.53033402491147,107.48042461046352,161.6818515852747,151.9401428404804,101.26259997517695,73.70377819081635,83.42569411158267,96.46731389908553,111.97880230574067,139.8841380318721,95.38101055303765
2025-08-07,148.41471131914537,114.84703829634738,183.64054009042397,149.0166177972143,233.26353124048802,103.40635157986267,164.51886405320315,148.84124682057248,97.15653660978296,73.46485127304054,84.69997144729237,94.53167489894332,109.66245350587405,137.18729222540142,94.82080365781229
2025-08-08,148.10716069924288,116.03085393885279,185.56647470347966,153.10395566596966,253.51829133689867,98.79308069170406,165.54925718623804,153.7873184890558,96.09404262633535,74.53769446523094,84.84548233414152,85.72569954882755,104.36207799696432,138.89229071713387,93.6721958837424
2025-08-11,147.40950484631313,116.51248539066984,184.38560647705955,151.50624929452866,259.5753422924014,96.85752274170999,159.90394194590647,154.4774402737606,90.04748990805011,74.0032196723063,83.55372511194551,84.1464420065801,105.5597761307586,134.21984806931343,92.60840937873549
2025-08-12,150.9329815069275,118.92059349698137,188.83305116967105,156.9332172865637,248.84500667412573,97.88203568167857,159.57672597943483,158.54495340586055,90.39868737190655,74.76534024822986,85.16814014952912,85.54220602032512,112.74752863798382,137.3083197053596,93.35166586105429
2025-08-13,147.76156240731638,119.25947240100953,185.14430066005403,156.0521054396967,254.7175962616649,99.94796824769885,161.0261053321424,168.5414382451609,93.8560893826902,77.20807523626266,86.93310948992931,87.97810146529424,120.86833898092395,138.80180404844978,94.94189888021134
2025-08-14,146.05724318361115,119.14060169052821,182.19734715141132,150.35803860305685,257.9905241510173,98.54815426697337,158.4943447200072,170.39697382199518,92.77307338113422,76.30732730537058,84.94912880508815,86.79972338466105,119.34498164654072,137.39882260740288,93.63640149261612
2025-08-15,144.77887661232128,114.80881235823195,182.4580074681725,149.80054788686473,259.51367305676285,101.88453540522053,158.25838040011476,168.62526846619275,94.42146098692838,75.60052092641187,84.74622936569267,87.82694077125228,117.87842547741653,137.32692617068236,94.06526358790944
2025-08-18,145.69405305292221,115.59946113368358,183.87446382722553,150.38221323391457,253.290796324165,103.28959100717871,160.57355790454935,163.77358336743384,95.63864634827686,76.82713333019977,85.48947733513123,89.49182401317829,117.17067297142668,138.27692356401568,94.51683107754153
2025-08-19,142.91747891382929,112.25051981860997,178.14913818567513,144.0463080417432,235.67095199641705,101.47584109140708,153.56771424938185,157.79367144235025,94.6570505546089,77.52744566075883,86.01428705584846,87.1312023123699,116.99146207003596,137.609547502875,95.10250527356789
2025-08-20,142.07059827811597,110.94477919020312,176.0890437353598,143.26278405896022,230.39946630267497,100.9410665966219,152.7227948902223,155.22600652549255,94.46872036614867,77.38108226188768,86.0458100119405,87.03129424260932,116.88571818215324,137.11010415925125,95.08840420563527
2025-08-21,141.80292735421548,110.35236125372887,175.10602887459663,144.70841809865095,229.1952592375988,101.1855951899332,152.8927923898467,154.84553232700975,94.31064463911665,77.51894959774981,85.55104623781831,87.06378995394891,120.72337795590637,138.89579540442043,94.76977856964103
2025-08-22,141.89047228569652,112.58358578712163,180.07564973079744,147.76082674849482,232.50548076853428,103.57259155819395,156.06979764374702,160.3401571436288,98.1500525914768,79.43292013527095,89.48261818196686,89.83095369337939,124.08923808649904,140.4132787818093,96.88813209992423
2025-08-25,141.42144739700885,112.73390735573527,182.3891262640228,148.31349136967376,226.52831204750024,102.37071891775565,153.827964649093,158.3290315692879,97.20352220238566,78.91146641066979,88.81278900285466,89.29999693377069,123.25663750385434,140.1188076505833,95.73693237771826
2025-08-26,145.04817955792686,114.22999784016508,184.52815008364408,150.69412322859898,226.7216176956842,100.86342595977473,154.2637248343724,162.21563064390227,95.63704171140022,78.23363214835288,87.74340070198738,89.30017515610827,121.86654340443003,141.26601939902943,95.5408576333176
2025-08-27,145.54049677341516,114.71002119557336,187.66030338551303,151.122617249543,220.15252133805583,109.9519569371793,154.45230588271227,162.0968511028863,98.41424278867716,78.92469789747126,88.39737315635584,89.77949071660653,121.75197269174723,141.45866769202848,95.89787537326023
2025-08-28,147.59396789605094,115.70794777276666,193.77217851323175,157.2461354298697,227.42822980974898,119.14622962596293,153.890824248095,163.71426186992608,99.60585609939228,78.49652543058386,87.71376888666933,90.8352660395151,120.43111551392754,141.71452092973428,97.84560378817332
2025-08-29,143.64375616771954,110.55116214375228,184.07328943855023,153.3692342426386,228.7347855924558,117.2497438416278,152.1797612803116,158.22355364707076,100.38131950195651,78.90277334762384,88.08777561867508,90.70407088467486,120.01500815787907,141.05810779149996,97.59530598350884
2025-09-02,141.14406516790572,109.00186295880327,186.23691078768056,151.24231656368295,229.25438308054999,116.22712184541054,150.48157367063158,154.93342357917646,98.14670451227508,78.38879836741079,87.74219397705691,90.41483880122229,117.68433862647305,140.08122165829323,95.4982532887441
2025-09-03,141.62934047855467,109.01019815907745,191.05722843481482,152.90026770013066,224.7720112855721,115.07470735567371,149.6057423921679,152.61077248517412,99.19226179185414,78.11447919474949,87.08891603065364,91.0684017012727,119.51989050828796,142.43977534338674,95.56638241311866
2025-09-04,143.7056875327325,111.25774698389648,197.1909971757753,162.81392482317202,229.74270803723408,113.23541980786256,150.18845396445425,156.27968161276502,98.57687039763769,77.76485869307999,88.719770955249,89.62345640020504,119.17590012541416,143.02399689380113,96.15546472561402
2025-09-05,142.43798230284756,113.88108884642736,205.4682606141146,164.9340533745636,237.4513454599644,117.30349228438185,150.48286396835266,156.70090334866225,99.41875099373556,78.23005642403348,87.93352443232945,89.89531046228609,120.66133072506862,143.2388104189088,97.85431290353264
2025-09-08,142.5330029293069,115.35334428111435,207.27152623805264,169.73618764033978,237.86076043517664,118.85647368904463,153.1084011534686,158.85254295124128,100.99309971060059,77.75378756335222,86.36944898486348,90.96774371276246,122.36310701173572,144.52454977683172,98.42883966520444
2025-09-09,144.2075592385234,116.76941178451868,208.31341270555293,170.80706022330105,238.30945785976252,118.82661356703139,154.42827582390873,159.44755468836328,101.63552632378196,77.50445922125739,85.93009471419602,89.1892744733808,119.89921791927841,144.57848930747969,97.93882360052429
2025-09-10,151.7132216241864,120.98849633018607,219.93698342840273,178.7386242732215,238.1357509705243,118.1700835333875,154.8953180400503,158.0185743293414,98.82876563492171,75.64849247187497,84.45687653712272,85.60148490717779,118.06731350425842,140.8232149366492,96.42398552350764
2025-09-11,151.07641169012533,122.62500519044364,217.82490708040064,180.00435662425176,247.47633359753,118.2658475211431,156.75356138574472,163.93471129375652,100.34999233879775,76.78177564505506,88.00110221711157,86.4059787563924,129.3338235716758,145.27352732571512,98.90052573721385
2025-09-12,151.32195497755959,123.60683138843405,215.04697022064798,176.34832833354912,245.30371548533873,117.16043032297753,158.02685556833873,159.8879729962522,99.04480000196097,75.36604453124954,86.69601294367867,84.78719396713056,135.15319972186413,144.31074796691453,97.66547573131754
2025-09-15,153.47902501753063,125.51823452330824,222.34474933418355,179.59780826285538,249.0617371066864,118.53226728782374,157.40027803657028,161.65416680928078,99.77687926701635,74.85165054750901,86.94965705251408,85.78997781788728,135.01551818325692,141.3088203520718,97.71226187904115
2025-09-16,151.76786595787718,125.70780753486468,222.9677838736921,181.12644291010332,263.79865818630475,115.99324889784418,156.49730363889745,162.71802137286738,99.80174969841809,75.04921774292379,87.35743462206344,86.9160671533736,131.65628626163007,142.9201515938697,97.63638703085677
2025-09-17,150.77531318565389,125.29152352545812,220.02968711987177,182.37010621946638,266.14881667459247,115.5671783757649,156.2930777526812,162.94541429182695,101.39128633322345,76.07407700220337,86.68695691627676,87.78553803876649,132.37996649481627,143.0944081782298,98.3460721408339
2025-09-18,153.16994357261822,128.85237628898358,224.81284472057743,186.59611409313914,273.7738077751029,117.2672893593962,160.892811798579,173.86518311105718,102.6940016085086,76.43843247537559,88.42743649769926,88.35864232407812,134.37807295395694,146.42318489184345,96.15463688031296
2025-09-19,154.5998438515579,128.029822060971,227.34655381068447,185.33731701598458,282.38688062312275,118.87743184462137,162.04804740513885,178.31244956906298,102.66549234698269,75.37240018102013,87.20576974084956,88.13067618975636,134.71927910187688,145.52526273475814,95.47996656169875
2025-09-22,159.13984959950827,130.8008137180042,233.2462825329219,183.96016032618678,287.45021028089667,118.31456276108317,163.94499434915159,181.7281768296751,103.25371605021667,75.81259444067557,87.54339029098632,87.69784968066831,134.93089356517604,150.32920228348183,96.38899477413423
2025-09-23,155.2746727238184,130.88794867680448,230.61880846959622,181.9366233963827,295.66884810123497,116.11352667117826,163.72438130245217,174.1894735257083,102.20610693168405,74.31654822945991,86.60319408056026,87.07680818894157,137.05948308161888,148.18072696294908,95.6064011341503
2025-09-24,154.1366440981266,130.48965698797363,223.4231970589477,173.7924873538406,286.9130229066271,114.70064108808711,162.36773693957633,166.38009855136698,101.82489415964389,75.218310763091,86.96268616677068,85.65367448510109,136.59870374902354,148.57628911116035,94.94991462434201
2025-09-25,151.7864199615272,129.85961833373966,221.6286382233502,173.31411836838362,272.73492927038194,114.89247834063042,162.2520231837028,162.44980060796033,100.83267501465481,73.15785882153423,85.63085268890013,85.58437248691503,135.9555492970691,148.2251976660674,94.83395221477355
2025-09-26,153.64888615269405,129.68537793742888,219.81870855552924,173.487038082046,268.10882839365036,116.1997393252938,163.5052931144141,161.7829370191234,101.70619629558803,73.78302360741628,86.29086833153836,86.08602875465158,135.97242158785843,149.90786840293393,95.5947363327819
2025-09-29,153.5075480744953,130.6916177416938,225.61857614702132,175.35994113656278,264.2212232642563,116.65032736913454,165.16860933253963,162.4184794522363,101.25071671858693,74.33429719005743,85.37199954628258,86.81172317285035,134.82007527736405,152.138149893064,95.87658882066074
2025-09-30,155.2629954645441,132.73624010993908,228.15173638604665,176.07611353011717,264.14717677605154,114.78616313020578,165.22650071728953,162.07819539714038,96.9316254723874,73.75135575994074,85.95180956068927,84.81240766219105,135.17578400945578,151.76053340396584,95.4431477666506
2025-10-01,157.19141493338654,138.34000486608056,237.74220117386145,179.73677956844065,265.65282589993313,117.57002975759744,161.9877815847768,165.19069201119694,94.0485581707275,73.79922611699831,86.05776562140285,84.88763563225662,134.22410476920953,149.47353807344,94.99948584367297
2025-10-02,158.54830453512818,140.52932220195115,238.1516407316428,181.8040173637372,277.20526806837574,120.53815484567762,163.71298092844307,171.27910506250407,94.73390909791118,73.57642844589388,84.38777442187386,86.18090928049956,133.82558386062829,149.78770076377484,96.20593891092753
2025-10-03,157.9361705427729,139.91105323651502,230.89439797444354,179.17996995730473,279.6887952086239,119.26257471493828,159.85443162061657,174.8193385534046,95.1383073474854,74.34205199211982,85.66959058102094,86.81135335605124,133.76629612753882,145.69531989339828,96.85632356031255
2025-10-06,158.7735965108392,144.38567555210548,230.34280729870775,183.89479075716937,287.8331947328813,120.84045520216965,163.08097504963806,184.15020980499452,97.39821661917881,74.58472710455177,85.51114548323494,87.79595422204586,133.48442995045588,144.22457013983473,97.09845196089711
2025-10-07,157.5865691930336,141.55430790101923,226.4418449972693,181.0557020280849,284.5498437917293,117.71357269464055,164.16987019734444,182.67064361185604,95.4222565536039,74.14038350692572,84.51433037315674,85.34791000253188,130.87468891482257,139.88860946038483,96.49627295511345
2025-10-08,162.67179110213655,146.5782895031028,234.5287570335793,187.55482967766005,288.5000473031909,122.63705956829094,167.02462420651065,180.2202706367749,97.11562195797606,74.93100392467659,84.08336513450419,85.99247641338197,128.96320115127497,141.58798965052807,95.93142049397271
2025-10-09,162.93426042157532,145.78028120374452,235.02098227129878,188.77119875345687,290.7584105470286,122.56353862944789,169.08681469542515,183.4727782607367,97.66558707128473,74.92059032913116,82.7683295566934,85.20507038723127,126.84238650157252,140.87100141324174,94.99511548876602
2025-10-10,156.84758166222895,136.50018775250572,225.00337543907418,179.51694574186743,276.388971758287,118.98824667387775,160.4891996774697,169.06932772193218,94.24030113148913,72.32911271015563,80.25550100587083,81.39672707561584,121.69273162880583,138.09712548515492,93.9382699771396
2025-10-13,163.63652244639718,144.17541656151002,234.71027543638442,181.86196209491627,306.4574064628532,120.38941934281327,162.01414406107568,182.44386379998534,95.67948129865881,72.81639683090752,81.3577249781329,84.8335027759336,123.29100331681002,137.99497730180644,93.92325602840211
2025-10-14,161.8614947578499,141.45047439317847,226.4085777825583,175.60052479191458,310.7969566331775,118.62530937846972,162.3946964617789,193.31788614241833,95.6380947885465,73.36094389716853,81.63601633330356,85.11137990235086,125.06728232389506,140.64416508851298,94.96275419554874
2025-10-15,163.55723460244022,146.1826108987513,236.3959963958086,178.27220826847352,310.30212019056614,117.92236928280904,163.0997423292231,197.44494200917745,94.44515092035246,72.59320819286812,81.70089631282211,85.84151991419151,125.86174262031733,141.04435916948728,94.54455106064249
2025-10-16,162.2993387390038,146.80861575180475,239.13752147158144,181.51639292229055,295.08782975077395,117.50227836175695,161.1798798955589,183.53565372119945,93.78385673710227,71.3311680839509,80.40331901924068,83.79647398278631,123.96259407071447,138.66834247919093,93.4857510254322
2025-10-17,160.0074685430615,145.69571735726143,236.25807888452695,180.8137779608657,281.39594481704137,117.51815472963257,160.59392019651509,176.8035152302058,94.57008454645583,71.84393745057116,79.77013510989816,83.21959879729562,123.50905210155085,139.93563285019098,94.0124198779646
2025-10-20,159.68575831624509,148.1298703103752,231.69292807910082,180.69097035707955,286.6590737105685,120.7670863574525,162.65880003267745,181.4889092273494,97.7804815581371,72.64888636374509,80.57532971402898,84.9990365938617,125.37560984325046,142.79269934419978,95.1543651701818
2025-10-21,156.39898376337035,146.5192191106312,229.71920107407286,181.03274087101698,277.6558966823694,122.93270914314805,163.9527163429005,183.24823108461055,100.67960746573253,74.97530162470864,81.76520848331548,86.47269750171661,129.2854729568483,146.32520117046906,95.67040188851446
2025-10-22,152.99006008595498,143.2943233104969,230.49542015959975,177.53147617309764,265.0387036715598,120.72342349256517,159.36154999484788,175.04549477914952,99.06914617523849,74.72804458580347,81.47733238880107,85.93965776881195,129.1918350242411,145.3648399509329,94.86945897238917
2025-10-23,158.02297871846162,145.77047614406376,239.01744598086893,185.4895174029908,271.3642010676974,123.1552126434069,161.45814666723652,185.74096557689418,99.59742268668519,74.86723346897651,81.3372814796696,86.95801727671922,130.81169491240792,146.3512043565212,95.78203367991645
2025-10-24,165.92240458385228,149.7057378235329,245.94974433649836,190.2518495681867,278.3580808642317,124.5497391052434,164.20165122569964,188.83597094638134,99.52911214827425,74.90145748163621,81.56866723269206,86.76396683610791,130.93339599300256,144.00371512780856,96.58492793622214
2025-10-27,166.64458955831262,153.8342327639315,248.04345448786805,195.4605609636128,283.2682388417382,126.38921186796975,167.27700980735477,194.70916115072836,99.64451222120266,75.03309542633662,80.8527226949607,87.8238307763948,130.1637445625232,144.0214198547237,96.27745513787909
2025-10-28,164.08505319887828,154.5176177359664,253.14287085845868,200.45256844261692,272.5260685586113,125.71378253954056,164.37684486848684,185.53971993734365,99.10526044723511,74.7340410318138,79.84267140696042,86.02300524993721,129.17625128463246,141.98901049360754,95.62651870641814
2025-10-29,167.85116002632023,157.87247935604205,266.6805407562439,205.16414868827033,275.7501821477772,125.54584495169767,164.42815365291386,195.11903197489528,96.52660122861508,74.10002136421156,78.586084852739,84.73482723067292,127.46261610750183,121.58954724987377,90.95067300091195
2025-10-30,162.45937618993807,155.23156532176998,264.0974464661779,204.44560733379473,262.18081753183594,126.12733520435233,161.44178832428105,187.95800319972562,97.79498708076683,74.1893109874462,78.07645577272474,84.52820089005426,127.96072328377552,122.72227420422318,91.70344371676805
2025-10-31,163.25767118090803,155.33760996308825,273.0528531595738,208.13546594602934,273.6813884202295,129.4584603775302,165.395832860208,192.53864568713368,100.34649920165975,75.09911650665393,78.29248438951349,87.1949997338873,130.07076989898394,117.5463134926657,91.88482616767175
2025-11-03,164.595572438184,156.66577359312288,276.302954715292,209.71416186579003,261.53415708280033,131.1776764266838,167.26859170307202,189.8475678911575,100.54119854912898,73.63472501215477,77.85839579536557,87.78662218958338,129.283447024893,115.47829694677017,92.25845964803196
2025-11-04,158.76576705962665,150.39244468675386,264.21591581672,201.84720543187876,238.0924338850587,125.97075473769056,159.3931318392594,176.1674419232904,96.80334073486829,73.23175139053254,79.20293858480784,85.1130763664538,126.9827340785841,115.50694325699256,90.38150440458202
2025-11-05,162.51309543526247,153.92847988583623,273.6323917083891,212.12405064016383,247.54846486505758,124.23049850401921,158.27079481390268,176.0513814929301,96.25761345657246,74.4692538008812,79.27167297454176,81.53113546295305,127.70541349122342,115.37790321614031,90.40947161928355
2025-11-06,158.40225928859175,150.9161615989101,270.25637627209386,211.32085800497856,226.80928010193233,127.99770006016588,147.8849228320129,167.64380269691281,92.71890749839628,73.6017093751508,76.26823957538227,82.2846753484583,126.33367451097415,114.98431734596186,89.76075919358966
2025-11-07,159.77856628159984,148.8334138335615,265.8599351183714,210.73319018406056,229.8679318026396,129.26291791940648,147.20323123091734,170.26403582095898,93.42820298405813,73.61582925141407,76.3654642813149,78.91488703431882,131.45073805770687,114.95699609348988,90.75714761513069
2025-11-10,161.07700282646988,154.052839355285,278.324812571991,219.94581857029783,234.67711964692649,132.58439987888923,151.75145964135342,172.0619669227289,93.22565549356516,74.26551231311007,76.80620679733073,81.39124608311502,134.35842906865724,117.8325094735048,91.1634901707765
2025-11-11,157.03474107110387,149.4021501156954,270.37280651023366,215.2255871652695,235.54509610081317,132.96063137035222,151.60013814431542,167.2877279892661,93.32694409922439,74.65975926186655,78.27358362258119,82.76077380749926,137.29372476418393,121.75248173323477,92.46847470345102
2025-11-12,156.94668098396514,151.26939432214309,267.55427656430913,214.4675929075604,247.0060829591473,131.03613257371572,148.37977621506778,165.4791574461892,92.77900301669435,75.25783030391645,77.63714488750153,82.83569835241356,134.8039163996088,122.46668825258467,92.92679945941003
2025-11-13,150.2488745118931,145.58088760826755,246.97746459901487,200.34379697641705,226.2623539389395,126.98725608209818,143.11274617663173,157.07867463662245,91.48729508122524,75.07761470824688,76.71057851797764,79.97737440209072,134.14562669531747,120.93455873383371,92.30498488524145
2025-11-14,152.21607887898656,146.02282572272506,251.17102539543149,200.97766383388685,223.7082554665652,126.72957240269542,143.79551250538663,154.97795912734847,92.14999916005227,74.16123078494614,76.38845581660954,79.26618530548632,134.83229790707819,120.36962635935942,91.81986607486935
2025-11-17,151.68450143552633,144.4284941405386,248.28471578520302,201.04451046042408,211.23709976667607,122.95323271988829,139.57059105281434,150.71236357768123,88.47751272425737,72.79948671328862,74.83100288110029,76.63364942102667,140.31422586522973,116.81496083601861,90.39262461054369
2025-11-18,151.84010353423022,140.68180653907143,240.85876351368978,199.50051872563927,216.85491050933803,123.58370110843201,137.44944887343004,147.83159239765166,88.38447091082666,73.01274509124534,74.65238805138304,76.89713505417704,142.9902670654212,118.41105547334968,90.03022018120376
2025-11-19,155.64499908129923,143.349285835548,244.95947344184654,202.39625178110478,216.80401272812347,122.79576736329861,136.24673289128182,148.9987578872373,87.17965662507066,73.52927619936362,73.94813141227489,76.22188684074179,139.67654230462563,118.77433937834992,89.83898452228524
2025-11-20,148.51868040893578,135.48486391740562,227.76123778121578,190.87068293481136,207.49070256907083,117.02671307833624,131.33440204624196,144.5763540844608,85.65622695941018,73.37185398661593,73.46171541457294,74.67624358200644,137.43681881935487,115.05145888709522,89.12513097731463
2025-11-21,148.07805048520245,135.73180318130443,225.5396920462686,195.77294069533693,208.6883390303939,113.03698081314597,131.7237993040228,146.29988532905566,87.35533615114329,75.75036581555543,75.91394289766394,75.44667654979126,141.09359346901127,116.64272838093557,91.40252267366898
2025-11-24,153.75695008670775,142.96751470255015,244.70840320008605,209.88732448769906,228.52967695565553,114.41780961010106,133.3353041753959,151.96007318507952,87.30814116023039,75.41136747591341,75.16247600481515,75.08675066758641,141.4934275577022,114.1712985397639,91.04187639134551
2025-11-25,153.3145945037283,143.14067191017617,248.905225152809,210.01842153782331,234.9715096136651,116.16152562485766,135.47511802123384,164.04757360813474,90.05465372848167,76.58768671786953,76.69603268965919,76.3044285710966,143.30108293607157,115.07437487937612,92.5965080240227
2025-11-26,156.6073815584202,146.806174887067,253.78836559456045,217.19288014903321,229.28667017099852,115.31739234550943,136.29411911964647,171.7763023414043,88.48205663508347,76.86665527739028,76.53265448933436,76.25037078891597,145.7611577123405,116.5550048201854,92.36424669679502
2025-11-28,158.51996018394848,148.69136826128894,259.75704444757343,222.98719426490675,237.46832731311906,116.72345067257571,137.75206829836588,172.16419594150543,89.25765103209763,77.51464544019194,76.2297062292947,76.9996984355759,144.80896144674495,116.93991632805557,92.91532605228132
2025-12-01,154.88476080243,148.48183201655198,251.33595659980236,221.55076904775473,231.60748197448675,116.3010023749672,137.1886703891542,169.11817592361038,89.43928697887733,78.24315081980129,76.68972081107059,77.22738209354902,143.7965900009091,117.01866678404774,91.7885946759086
2025-12-02,154.4668848081267,149.8407012194063,247.36872218406688,215.44102984277092,226.97611787163132,122.26769332732734,138.3251197770801,162.65658338560698,90.41269353040897,78.70823240573931,76.54528531796603,78.22799376761857,145.50495098361841,119.0255886085773,91.74931004260415
2025-12-03,155.0259531510039,151.52725663251852,247.1333153886075,217.14667532060488,233.7228446289042,122.1759299762225,141.79183944744773,171.7262992908571,93.04465644986207,80.72776397109801,77.7906183888049,77.52079452982146,145.9878971714137,119.0317169808762,92.80482175605432
2025-12-04,158.94248796949702,150.3329764316325,255.08783549172526,222.5065555468728,251.33608422839285,117.68375395483915,146.17979487226782,171.62680468317538,93.43767002032504,81.9994763560226,77.4730229614858,77.96137177296376,144.57321992810228,119.8874734207463,92.76887301197709
2025-12-05,157.39705110860044,152.0282447334867,259.7613244529066,227.09777712380432,251.72674257084708,118.9711310443607,146.5601746536975,169.84049627458964,93.95258652782255,81.84381667444298,76.92556258789168,79.33836086773853,145.0008342956892,119.18520845326262,92.96133185306589
2025-12-08,156.76088671718438,154.01605652389074,266.7285111261306,235.04552201250402,249.28462055063036,119.68667249644548,146.81343692477432,171.09958634503653,94.7080660491478,81.6766437754513,76.71206724332446,79.86990900258594,156.80871350947103,116.78726565293108,91.972788891359
2025-12-09,155.81498919821618,154.68826289246363,267.64314653843195,238.0872803490257,249.44706954198318,118.8278059728892,146.11325037841385,170.66262013816285,95.76131722330561,82.45000354446896,77.33581555676452,80.69323453650411,160.5543706563749,117.0049190314327,91.65810864523696
2025-12-10,160.91292771385994,157.3269380137986,276.71453929860695,241.4998074520907,247.79953754707418,120.30384146369575,147.0591242556099,170.57487217891637,95.13439524336782,83.95549417811722,78.1555740872293,81.15330206036121,164.565934732038,119.22391826692515,91.83037351545337
2025-12-11,162.38971739091343,155.32623144356145,276.379376742313,248.9498366206069,247.03504363070738,119.98407849463271,146.3059051950924,173.28559454751888,95.95307458576151,83.85751378386728,80.27133798710824,79.93601868312903,166.1120195883982,120.90006321475012,92.5117015601638
2025-12-12,154.4539677359963,146.7074694935604,255.42164517514246,225.44234655570463,236.44385131785012,117.70363993979547,143.86916964602023,165.60669307365194,95.32101239899053,83.58612735194063,80.54253756857969,79.41578669472197,162.5064173843616,120.05318822269133,92.74720182643925
2025-12-15,154.9031234326358,145.493220596221,251.72734570559038,225.4995670370963,224.42532219041846,115.03819394104615,141.242847878054,159.534727252106,92.71680017296666,83.90562015235757,79.83502745244812,79.4384053429028,162.2593712809482,120.65441257031269,92.17376436195732
2025-12-16,156.27545856007566,144.77474952743898,250.13176824817057,220.38465388127784,225.55423579835528,115.60466021191301,143.0751441744274,161.20275274426822,93.12970556601871,83.08000802531559,80.34232880295174,80.46867858815938,162.6928121086435,122.88475124271102,92.56576886680207
2025-12-17,145.9186701023169,138.57302244405017,240.01738030289033,216.52662389422886,218.79374900589886,113.72458094004135,139.62096230632994,151.98960181349008,94.07473528358284,83.58187466791667,80.95801587914681,80.30677066907289,159.56925636784845,121.97167275826357,92.5506895245878
2025-12-18,150.62375526235786,143.50376246308997,243.0859287727846,223.99074004201893,220.7911644590343,115.65828808755816,142.15433767226583,155.68060282970134,94.72522151101545,84.57825265448994,81.99435782500936,81.537275410913,160.4887700256315,123.93363950969572,93.03020319160873
2025-12-19,152.3199213380009,148.32648668080824,253.27233120952997,239.74171433928572,231.49300308291032,116.38267937472226,144.9546316179213,158.92081558466646,94.91053456519208,86.33625519632889,81.16239335132433,80.97432885584843,159.486447449691,123.1802212972113,93.3448258569735
2025-12-22,154.13705296142842,150.40494428897327,255.89915741105855,246.40497115713453,234.95182625492777,118.2502785164526,146.6109436318126,161.73753517751464,95.46062841830964,85.61596471089712,81.69997401605126,81.80941452884194,157.127155655608,123.54141938484484,94.00843225311232
2025-12-23,154.9664306189867,151.60656097108412,255.20753307476994,245.95953767829724,227.25218936339405,116.72485090885132,144.6889783911072,161.05298912385604,93.35910665851317,84.36100808565983,80.86039894874533,81.2461393325856,158.43495471694092,122.85377365426598,93.96323520727886
2025-12-24,155.5441423370281,152.72666219432372,257.65418508339076,247.202211570178,225.50453679537867,115.63049393980644,146.12844081743467,160.0427796419562,93.85595164278851,84.65733584021967,81.92833569640626,81.79297588277926,158.5553468673821,124.11159877144122,93.96050615566739
2025-12-26,155.53624819252516,153.123959214785,257.16372723868767,246.19151793634273,220.08312917853772,116.19275230969113,144.2900557595763,158.9579807453775,94.44227252164649,84.82017607395115,82.3634175723828,82.10831996894521,157.5302696428787,125.40283741533523,94.33532320107014
2025-12-29,154.78438961855377,152.96403446495665,255.00965235068057,243.04017593734315,220.08173051943453,115.36884776566102,142.93591529970172,158.1847440074715,94.36895921787229,84.06394794390584,82.62235632312047,81.79859891090075,157.48637835489333,124.84454760452698,94.48933321749091
2025-12-30,154.28984210408166,152.31894385408611,252.63922112503954,241.82460014391276,215.41130464786733,114.87897954696885,141.47256995721247,158.57893959175234,94.16202123713312,83.29685275031954,81.73327491608312,81.96197531470101,157.6843767297994,124.1560164101679,94.02888280726137
2025-12-31,152.66054685461813,150.53455034160726,248.99257080586398,238.66385253417533,212.01400538332206,113.51853756408039,139.67270704062943,157.7991344711007,93.49639112862789,82.63621514168685,80.92219308879073,81.42392240529838,156.93091763924292,123.30629574146805,92.86379430312094
2026-01-02,159.49429126996515,159.0557458298009,257.0727108059806,248.12298526959026,225.3330169440817,110.17780799796628,134.5441523476342,167.41211866740394,89.4128450668473,81.46411209170837,80.92696480016824,81.20413648286012,155.7840601538082,121.26139898396623,89.96364777297073
2026-01-05,159.21114198910144,161.73763141861636,254.56489148222786,237.54561419253747,229.2038436872046,113.1791924719381,138.2839214449734,175.01766122583862,89.70433196988964,82.01188798231952,83.68012628204535,83.38706492598068,156.82871969993192,125.82771999805807,93.34754515171089
2026-01-06,160.25637240235383,166.34499883867355,272.1718609458872,247.64231482790106,241.95097680385774,115.93347910545968,142.58925108026062,180.57029854307294,91.21546346719778,84.48652032019876,84.1497946493453,84.10449308757816,155.48799256139063,128.09427105964215,94.09308615421962
2026-01-07,155.35412353808601,163.94557719007025,263.10956085997924,248.89105982677907,235.9433345027829,117.55737972680922,143.51068943651464,179.67390080871684,93.21093395486427,84.81066871944626,83.74034719264694,83.33890756665255,154.13492208933027,126.43762995322217,94.69770952145186
2026-01-08,148.84312259199254,160.13366725536602,248.22893729553465,228.31963742365627,237.25534989347466,112.46569696941324,140.3049670182314,183.36427543505022,91.18266553490155,85.19413607769116,84.73644770170034,81.84275830815828,153.90959998369527,127.82475048818264,94.80276467245345
2026-01-09,153.68250350882047,166.6062356131899,258.6052400161432,232.0408095828956,237.38979642838208,110.77702606441115,139.96260145511926,184.283917106757,90.35622261898764,84.373024782764,86.11583470916278,82.62656827549291,154.95605746355383,128.29152527960005,95.79657483454925
2026-01-12,155.84953522792253,168.38336704708746,268.714312095897,234.92969221947487,239.19642701841948,111.27005946361751,140.35116669219803,184.68596679862173,90.37229928146374,83.98161528132877,87.31082710602229,81.91189492533753,154.61131990725121,128.178826983676,95.28508951923644
2026-01-13,158.45847422413468,167.4090207309159,272.7126825380781,243.89412707069582,237.1807206621517,109.10710124308977,137.8231637779161,182.43133481784474,85.41551306441379,82.72789735282869,85.91617072972886,81.42735417071347,155.29888266435532,125.90295793477628,94.27060309292193
2026-01-14,156.72760274575646,164.78640617691363,266.2193492249958,234.12675226975028,239.50584460202208,106.14571786972203,134.94004349763358,183.28573492928115,82.87295819913776,86.13649521198417,86.24933583398231,80.05611380205771,154.7531734222824,125.4371065091631,94.05781489421875
2026-01-15,162.31655456771557,169.9748103779883,269.2206902497898,241.90687876498032,229.6509819326231,105.91000368531118,134.1591481752825,182.10373286035576,81.4981029393765,84.85164508053236,87.43583827910405,78.8993717600777,155.87324961429226,127.70619188439841,93.34494470035372
2026-01-16,161.09831747361108,174.73425328351826,269.7444111590159,239.18795729724556,230.55402921760665,106.48918500510607,131.46188326547076,180.0511029308254,78.41687743662419,83.65099106127349,86.63481343712108,77.11913605104921,154.86504604178612,125.31529735413223,92.97959453584699
2026-01-20,158.54691008172952,170.9180615670169,265.38749186905767,242.87978064127483,222.00856723606202,103.0744313466342,129.69332389210544,171.28544811416452,77.48889207252495,80.83971514337728,84.99863241874083,76.17122402713413,152.49744028539862,124.04965552533044,89.51191848410791
2026-01-21,160.67666918412493,176.35489558823335,271.9282307428779,242.60417945726022,214.94484600736328,103.82909327198749,128.65850151022525,174.00511591750842,77.85576847417644,82.59968623507976,86.46068951558928,76.70615006835804,153.51531408186423,128.07995783455453,89.87500741168185
2026-01-22,159.84826990390815,176.7110451310616,269.3730386720996,242.44128047630352,221.72877253485248,108.77437466141954,131.54367264890286,178.18823449791165,80.4724901886752,83.90776308593155,87.05539509617549,79.08526360772915,155.2507722633656,129.1369885742447,91.15759345475645
2026-01-23,158.64244890752903,176.73399059220344,270.04488613763516,238.98904301756312,217.69226543398568,107.77076065302842,132.06445905038575,171.47982502321008,80.95613794738681,83.45237699853755,85.6077333725402,78.55063261140596,154.34236000397593,127.7769866929489,90.95082300145617
2026-01-26,158.64575254834318,176.42921806075165,277.9225625423426,240.8123716314699,213.94853555254537,110.69469556398995,130.9915469936177,169.08338724696983,83.59589424812202,84.1727882689309,85.0926410025559,78.40738059758434,153.8918345093421,125.87044863049039,91.55832504600647
2026-01-27,162.9781926783193,182.57572264795564,292.0191103111933,255.24928016614595,214.5659706265116,110.06161501494687,128.10254381116334,171.24906069405756,81.76762090740839,82.5901871006978,83.336695071032,75.46956872573473,153.24463705020833,125.51956453115588,89.19695823026868
2026-01-28,164.84567114015763,184.9145586178174,309.23664734597685,259.3620299793492,210.21943610575266,110.37116247927428,125.00578130580747,167.76444412872695,82.17552233815368,81.22031575996144,81.02888594741884,74.64584259394461,152.22885322834207,127.62822973508096,88.52102263863627
2026-01-29,165.3361978789218,186.251923387022,296.7146848905959,258.62339886749896,199.26323778697198,102.19962957912028,120.34694303043688,168.21902383415645,77.13338961636858,79.4847189865078,81.82380378198688,73.79810059880539,152.9818671722033,128.14259334330387,86.29625309637163
2026-01-30,162.47210696686025,177.2488805767724,276.5316269726139,256.62386445725576,185.13932233593695,100.61634730520952,116.05115474485723,159.96815353690866,76.50036919562235,79.53319249028861,86.06025952596202,71.58172278274441,152.28900709323634,128.28580780729857,85.78747097234488
2026-02-02,163.54661461094682,180.55287255398625,288.2601346060561,267.9075838286697,180.13090074535097,99.92809870389043,116.4185332137757,160.1783872185945,75.7966373369019,81.57091894162576,87.03606009681877,71.00495475275544,153.19131810630077,130.4032728103399,85.06501605477305
2026-02-03,165.70425071581957,174.98806301538727,295.7892791759687,271.88590417327543,177.16840284372813,91.98409379570873,115.09737587472071,164.2605744376246,70.21471402800026,73.14504346029445,84.32109994630811,66.68261719128976,149.40963502058128,126.89578295593182,76.21398942458217
2026-02-04,157.94368823357993,164.64311048992693,280.9389486850482,264.51540327190673,166.2522609717396,90.18462800231059,109.68754120103557,159.02478106773634,71.37837896162623,73.92710434964562,84.76950214933247,65.23493314029326,147.25344730432096,126.81861843725119,76.48259619224794
2026-02-05,158.40022675023047,165.65744810561236,278.7452165920566,271.468153252732,156.058246211004,85.73550587124548,104.83657963052039,152.99977676974376,68.04143215860606,72.28307217904336,85.00940844909192,61.69891254961919,144.27771326428007,125.76207146509854,75.31411650841957
2026-02-06,168.40512497949734,176.73816803161435,295.4399608325779,294.41137509199405,168.51179446438255,89.98431505262262,106.47302082698738,165.65982051018693,69.41347681391483,73.95867696274313,84.72618881528034,62.14129318458854,145.59111881757255,128.26389222815135,78.09296726957565
2026-02-09,172.47467159791745,177.76953873617995,300.35320644897354,308.57434569064765,172.92308989765792,93.64445664989618,108.77385033830545,171.84939592964037,68.16001904165964,72.39286771923673,80.54076563096534,62.8180303056117,148.01180266070725,128.3657694953184,78.2216845686749
2026-02-10,172.28473651171748,176.2671482155141,286.14758868701506,303.1493580977255,168.25043909160794,97.8608641690493,107.57364754336979,169.64980756292954,67.96289861749361,72.82494462504732,78.91090401678375,64.16534060936152,152.28535130365267,128.0975945567849,76.51054400474383
2026-02-11,180.61802243236684,181.81190251198106,291.37171077222706,296.46041638763796,160.87404874423493,95.73049150308509,101.92474618248144,166.520776635729,64.36728873047846,68.72309033939173,72.58406679901792,61.67176715806912,151.2993809697536,125.31299056415153,73.32828334941755
2026-02-12,179.9015370898214,178.39102514315687,288.797853359018,288.7716695089883,150.6433064869263,93.54760343352646,98.5326572837446,164.87911823245474,64.62278740265404,64.24020161073686,69.5259724742586,59.41396562186614,147.99224589700466,123.54186023121956,72.06783642339161
2026-02-13,182.89721157352892,179.57867311956144,292.0350712882168,290.5079045363592,153.6145371040876,95.8356530428466,100.33455199327544,167.31485939565954,65.30945988965952,65.69137882537837,69.6578730666464,58.56699257070727,148.22905364451663,126.6968965852156,73.6472704709928
2026-02-17,185.27870054916033,179.2727287055304,291.352573217929,296.0357438280759,151.0123829690213,93.0680838635026,99.59027927962558,165.51094450290762,64.14017370712202,64.67164925972249,69.82316093077755,57.77531977607685,150.15579904284556,128.2187731839495,73.11666298065239
2026-02-18,182.56917744198915,182.48002351942128,296.86547726141833,298.66401368033627,157.81575642858095,93.77363490564218,101.57200549424158,166.14892248781774,65.08979563819682,66.05370329493837,71.48721458592887,59.59565131619706,152.28085881295357,128.45070930114875,75.18939068079192
2026-02-19,185.85099645107894,182.2918701093635,291.76672999086077,308.1569589564089,161.54690697098061,93.67724943817286,101.41161477502776,167.66457879798912,64.07144341639591,62.81364648312461,70.75475475256894,59.724812676747405,150.902732123822,128.69634859851806,75.56422432046321
2026-02-20,188.17041795475768,184.90713779662087,289.57124976678915,319.4919860129398,157.47143090712532,89.98910548952146,100.42458121549303,166.939097592523,63.41613906643219,62.95546612687461,70.43557195770902,60.20707337988279,152.80289064374844,127.73044379396845,75.63553795492153
2026-02-23,185.86468219468415,183.2554164722047,283.71047129572895,321.30639071957376,152.45955361559106,81.78178936030663,96.23019448542156,164.38554668036488,59.6363143333259,58.90148429672596,67.29389653290885,56.929038904136995,149.25619742765605,130.13352188641338,72.43626311915916
2026-02-24,191.9838841711702,185.5452242423731,280.54802630065166,325.9435883610716,157.59046455689122,84.2107893806286,96.97193854858364,169.30777459775584,61.82544655503959,58.58211261697468,67.15705990669473,58.0466240892817,149.07143841967414,134.0748336164822,74.33015285462531
2026-02-25,193.49720048507808,189.81540661751464,291.60700442215744,338.35392067471895,159.2903370383912,87.30703498300159,99.18088013321264,173.29023475692927,62.50446696684709,59.3100881414321,69.10563870393307,60.641005823950934,150.73116812010426,134.80008086016997,76.74924485998075
2026-02-26,191.51371885771337,183.31116203504723,284.1548274037446,323.2446692269594,163.62455290441983,91.6919005349581,102.8374406873548,172.59249008637713,63.30138443203322,62.48062560511229,70.46934071659166,61.55077564655037,156.13297813564458,135.4949253596271,79.18261972246786
2026-02-27,189.6754197934815,181.5384559053549,285.6384277492892,328.44605984985935,156.78102680603075,87.78145624612169,101.95416076136155,168.00420319856715,61.86715395733804,63.09573101379802,70.66940578103109,63.284539279083184,159.54572678909312,135.8711089159791,79.51687940447484
2026-03-02,189.11457517664823,180.6963243312109,279.21220697812856,354.4829704189655,159.6573544590595,88.13247518994599,105.10917864515734,169.6749870852886,61.80422885467566,61.688172087388075,70.98523176858998,63.637959920475005,158.05287041105913,136.93678397483146,79.49250403392573
2026-03-03,183.0445736145522,171.7946654949791,266.2155083234585,329.0249964644401,154.51169523475474,83.79997795304371,107.57308566861113,167.72743371129746,63.559493513160966,62.422054182106926,71.8203703202303,63.637487745502135,160.7292258532473,137.3793707116923,80.36523538727661
2026-03-04,184.65989746116225,176.8422203082782,276.9698938731112,330.51045203064376,153.99294954377234,83.96977377238906,109.61025469697604,169.4673895659808,65.1505337767235,63.23399152581654,72.01197789114799,65.19649048601481,163.12195568405372,136.50677183840503,80.50991978969371
2026-03-05,180.94713743457268,174.28237879021165,275.2498925876145,314.86451790787635,157.12609654197345,87.56712274628133,110.95627254487343,165.3786101061907,66.75524081282836,64.92351464041168,72.2321234696337,66.9882936166254,165.21262826996207,136.037064962804,81.9276205135803
2026-03-06,174.8928942376175,167.42922174841732,265.1239519057327,291.12296031240055,157.12549626175456,90.44879678066766,112.55674602139611,157.3782711549472,67.15568764273638,65.28803904152437,71.7139422585231,67.51068598645908,166.23445175387917,135.60994822186018,81.79596346018339
2026-03-09,182.54153814872348,175.0536512236432,279.23066990648016,313.22527727580683,157.04870481274992,90.49564281410156,112.28656982483328,161.4813598493093,66.51287327697894,64.02702226192176,70.16307325618212,66.72644723681891,163.5504584534848,138.02902891972727,80.44901803588971
2026-03-10,183.55088620273781,177.57303183128477,282.17102246973405,322.05230864184597,151.8481193302864,87.51011212200149,108.44404567856515,164.94613733635822,64.49831708751229,64.12515972307087,68.16957292915644,65.95523958940773,160.23151291129003,136.96746185131195,77.51547740577972
2026-03-11,182.09407394926768,179.70885892246804,285.07049624471534,323.09766803746453,154.09523290232005,88.41915570521284,108.8489409219739,171.04392461380962,63.36977372509593,62.72101739860981,67.43449902075173,66.11614397987576,157.81791709966757,136.8655877972316,76.17942273577076
2026-03-12,180.41010381947487,173.7102982784969,280.91701140000225,311.4886394284141,148.36377533444096,87.30589360443824,107.19791712183124,162.50661122119712,62.502050558761255,61.06557353052061,66.53884861576586,63.17140820174427,154.86835406302464,137.1361022383207,73.76426883275393
2026-03-13,179.07444017960836,174.9418170928384,284.9855081922859,312.8935439167294,146.72011349510498,87.1454732487166,106.24751963166017,158.73779676818367,62.26376311494325,61.21848662349109,65.89588924376625,62.25337269971061,153.76122344010503,139.09206647220032,74.22633223686944
2026-03-16,182.69230713900848,179.22482733194695,292.8660448777087,323.534678319007,150.2966602742384,88.04804019908599,107.11945952722034,162.41391114931875,62.3049823463047,61.65481065824871,65.76417355613945,63.0757323758157,154.6878492588891,137.91827569897063,74.48710192659951
2026-03-17,184.5326609765309,182.67209740430476,306.9106430892145,326.1703834570304,152.829854074875,89.53491982684764,108.64596400660739,163.030994715442,62.640327456634544,62.21799668382727,66.49687910492673,63.3008065582711,153.0127351958843,141.612887785369,74.92670269563581
2026-03-18,186.24112155304044,181.0233097186009,301.9427947502685,337.86507206450375,147.48371021275477,89.5492217359971,107.76366972414341,159.89497049725674,62.330104187643485,60.784405304942325,65.278565517352,62.97948624364918,149.87644686175838,138.89067677474986,74.15780800191325
2026-03-19,188.1901599107099,182.0279267068656,312.8848729049904,358.5570167655861,143.14525070764222,89.39574818446017,108.49616516422932,161.19756767853914,62.08876206691207,61.441772391884214,66.38512120916542,62.95847442108609,150.03453960368572,139.83669384001655,73.72864288319857
2026-03-20,177.251662862585,175.75754547307096,297.10473692521657,333.46202057033054,139.44686228526353,86.4523503978858,106.40557180937125,156.5895899760598,62.21603639891079,60.918158499899924,66.37942002031804,62.447855105152705,152.4599043028515,136.94643325313987,73.10417201256827
2026-03-23,181.84384475973107,177.64438020915168,303.9158064259192,347.4164591961613,143.5653067075697,88.3993235685069,110.31599725275741,162.61541497893194,62.78552806442376,60.97434098635909,68.19550300049283,63.834765702382356,157.21882332669475,143.16949314361213,73.30145209003372
2026-03-24,186.22365249228483,179.28958277883248,313.2165144632422,368.4539789653468,137.65711854489163,83.0679768932694,105.38075627199076,162.38959239185579,59.573525751784416,59.22452156105536,67.49413806804532,61.97041244013255,155.49060623840018,144.44447617396293,70.4494496305868
2026-03-25,188.09755476427173,180.6352781336083,313.45722949487663,368.9430880039399,138.59249135822418,82.61722241075505,105.07021254162531,162.68023127112016,59.38219559002137,59.48785846400866,67.06413985930833,62.1683683543861,156.09151705896767,147.98075098814743,70.6710034062838
2026-03-26,179.38453573287129,169.93437791567143,291.4105401894731,336.1811735033885,129.7294962282696,83.34065072896452,103.09156794728516,155.57817040979515,60.34532681552123,59.68058546261212,67.71218128525928,59.92691718844691,155.28101601289347,147.0979876042459,71.14055499072835
2026-03-27,179.6981980413426,167.92121322167307,291.1257188631652,338.7594896526076,123.57006428696884,78.87349298573,99.8764803039011,150.01708056231166,58.5615844386338,58.57209312450104,66.82890215231905,58.514912995548514,155.21397974226915,145.35181819729843,69.79371734609455
2026-03-30,172.19465956377664,159.44904355130814,272.49600775893185,314.1619940261515,123.39606787624548,80.00867019638982,98.86453438663398,143.50217194343512,59.88231008632412,59.68022545650657,68.82516743331101,59.52607529681968,155.89755077495232,144.21218408796483,71.24798770305418
2026-03-31,179.66941707538896,169.78826873643462,291.9294629738864,332.85200574909686,137.8114943202313,81.0626467935873,102.18344071808268,154.22236100771056,60.819450106894536,60.69815149251825,69.15146917971879,62.08966779459302,156.23616426227068,146.84355051109523,72.23591800453646
2026-04-01,184.1391039429042,176.34822662664772,306.3537769535559,350.6041257950292,136.90313371742008,81.74847383297018,101.57316460912268,158.3891560903711,60.851320790446195,60.62922799329216,69.08574864843071,62.99111756197819,155.90361426430684,148.932764640436,71.98940266097367
2026-04-02,183.98132536249025,175.3650785201382,310.3081346172813,373.0937523874562,139.6354035566357,82.67621132734659,102.83754279246536,158.35073523880988,61.45388679703052,61.785267659804504,70.48152872928304,63.257614428632905,157.27990843766557,147.7724440566128,73.0497570564907
2026-04-06,183.86059824957889,177.13809474877903,315.3545578865168,361.49608406712406,139.1254287513831,81.75314281327805,102.93627241606713,158.63219103686447,61.19286455199453,61.37895120704425,70.32052345754815,63.85022104401792,159.57143789886874,149.6673691900073,73.34418622976119
2026-04-07,184.96654640598751,178.70920971531936,322.2355406862875,374.27923641217797,138.91612713123808,81.2993703320178,102.87153628503458,158.44001430096225,60.38247644668147,61.431267317190795,69.94099997356666,63.877964117173455,160.97221679347845,147.6514629037447,72.70744895467297
2026-04-08,192.38754692296052,190.75277519607096,340.213833803235,406.5315365015257,141.22383627524692,79.99857423987399,97.81995810939704,168.2920304399568,58.70990232167935,60.8563247766167,69.7540393497245,64.09877491794137,162.72627402854903,147.74689298870524,73.07224084896853
2026-04-09,195.03341892739698,195.81979656795014,338.2975705039607,408.3707050436591,134.2467243587242,73.04503160121325,92.57698603344245,167.7189654530915,57.00989763267169,59.391366147459536,68.75126579031607,63.943249682543104,162.72312461500837,145.40409253857604,71.40637765241574
2026-04-10,197.88072073216065,199.78399148090443,341.2390353186056,416.82799740779166,133.78165234084955,69.95516569313547,90.28732559072141,169.44680128642258,54.49793775198382,57.47223955840346,66.13235443942942,63.79428761762899,162.80816033959886,144.28586794294984,68.93048831439526
2026-04-13,201.0405909812325,202.4942875548744,354.2301590499141,417.51823634136264,139.99307379440873,73.90739176054316,94.46910174091221,173.7099526418865,57.59872853265565,60.29592438605356,69.31495782477707,65.54744008155485,164.5308776590139,145.29175604774147,71.87322334948685
2026-04-14,203.90332203138863,208.79900835285602,365.3635849413807,413.1786556688636,145.5694374564304,73.80417772530409,95.2684320329993,178.13233871431328,56.75961290368176,60.90157583167551,69.61869900062145,67.53147894332923,167.01005468968032,146.03371483098516,71.78441483087799
2026-04-15,202.6000522860131,207.16398889389995,364.3020010587563,407.3401211632326,157.55921394943954,78.89610801195906,100.11384616674958,181.10873367926044,60.491534912647396,62.42379813717869,70.99227104408905,70.62941357231587,171.3142158524056,147.7714594700743,73.6431900194379
2026-04-16,201.62748731869928,206.46660437539762,370.0149509264118,426.0342490622239,156.58070717069,79.77724265060712,100.82181964742655,181.5762780537088,60.35784519294227,62.47500438906291,71.26827011466045,71.53694577893374,171.1475730079963,151.029859723827,74.46524351879583
2026-04-17,205.62926855792205,210.34836440724283,380.09372584323484,434.444453179824,160.37338976060812,81.0254635336513,102.01520581474992,186.11521026303745,60.196322387714886,63.73298311783909,71.52579662426497,72.75317693776591,173.594949792179,152.54265459097778,75.52154678336012
2026-04-20,204.8032875309773,210.2305316277965,383.5999996190153,437.3081430944618,162.43654356238025,82.58441529624248,102.88800533432286,191.87175222417284,62.28375361594742,63.12294008409784,72.68469332471113,73.87757737713726,175.94748714407243,151.8536267094353,75.93477792783656
2026-04-21,202.5013459064297,210.40564133365572,392.2359070000743,431.4047518028513,156.32381778268575,82.73073908142071,102.58931702695288,190.28047755430703,62.53678410976428,63.163737571849616,73.00321658955667,72.4606185576599,173.63148633327145,149.34092525775924,75.7968182719175
2026-04-22,208.86660105146973,219.8068310437811,396.80187305981093,435.79179987534343,162.90914260947022,84.61461213153994,104.74780717046862,192.75605385161853,63.214368192194044,61.71572088015596,73.54343806317681,73.82966353558865,174.94768688762008,150.898492271765,74.69885447494171
2026-04-23,213.97594692920032,218.93279695412767,397.0750406840568,435.97396022480126,152.30647574768244,79.87916289741258,98.40918273115214,191.74841076890027,59.598651285109995,58.22506024608684,71.31356287186536,71.4531843440061,172.42761694363324,142.1784360397194,72.13795555631648
2026-04-24,215.21366565176598,229.10374309503766,402.7923177616273,448.4896946519043,154.3780552823465,79.89294305150845,100.94169761975078,195.2094260559934,61.61557691285278,58.16273416159254,72.58972414666776,72.56345080275783,170.37488310111533,139.9201635409191,72.53880398498103
2026-04-27,216.1420866343426,227.1521949694322,407.5685154535622,433.52680292579936,156.4976359390699,81.53815026596062,101.22825485038496,192.33846663926317,60.91243590620004,57.161929065397985,73.01575218728921,73.31653272507937,169.36175529922272,142.43323249096895,72.84762203404766
2026-04-28,209.82085276240477,218.2221534554452,383.5011647090405,410.577153425091,157.1782251571755,81.1314844429804,100.73414845147809,186.22961011032163,61.47582825101286,57.07362131647991,77.24681208926442,71.80513396367242,169.09941428771768,143.98988117523763,72.75562984412447
2026-04-29,206.9269658510789,220.51257485918146,403.2143916685678,430.2029558651614,151.23563587293498,81.21124758367611,99.35839507984063,177.81064657395217,62.55398310554956,57.133732979759785,77.80742217155091,72.20014328992876,167.00121965309955,145.5510361847808,73.07700456775913
2026-04-30,218.66071490475156,224.18585417812787,421.6126177666526,457.83658924180617,156.35610791175878,79.64293071344107,99.75920347008295,186.53234348533235,62.03118342710577,57.018494038077165,78.20606792302121,72.91281607921383,169.39607845937348,144.80541791220008,73.33757255593085
2026-05-01,218.49063371659375,225.9482555134623,433.7166500259121,473.8279359108457,170.73467723063376,83.73354207792042,103.89379868446042,185.90691372023826,66.46987225417581,57.251576248926284,77.67268174282218,76.09330883376094,171.56132870158717,144.7958981189564,73.47252436225685
2026-05-04,221.3524491954279,227.0213975819861,441.0838585143164,474.8700550292847,171.85019195475581,85.79668303817961,104.62570516798282,186.52336366437,68.01710612556946,56.17506895273992,77.76036974216127,76.7146810102894,169.28733367855443,144.74507765928996,73.92949351623368
2026-05-05,224.9484017181678,237.2574582429469,456.86964424258804,482.4082858040776,170.2642810661512,85.37853625752322,101.27856098224122,192.24473487251097,68.48531200252603,56.61434888117729,78.06431790370138,77.40029526409967,169.23686256071372,151.49273360595475,72.10698792349464
2026-05-06,229.60651159195814,252.63198234026808,467.61055263922225,476.9539096937225,172.71438921604428,83.8987264672409,99.15407347726843,200.61578397320045,65.76778477111661,56.12289453419264,75.64025014500426,76.77080056389367,171.2704955163785,150.80515532976264,70.95088956290695
2026-05-07,219.67585714331105,244.03491616040878,451.7837564499078,449.95365867620797,168.8619217370634,94.32844330672427,102.89309419046057,186.84236411859203,68.2851988911543,56.694195804797445,76.9157338755761,76.19452514536128,165.7806996837352,150.6966941446812,71.88330119223876
2026-05-08,218.51577358249304,260.64816000035876,450.3375327853895,457.7128352940924,163.90817352318365,95.9480844342244,102.36397432499041,187.26611788057915,66.54953837496257,54.17095324927478,75.67349338791249,76.29620975719686,164.42307708542802,150.72032671455798,72.01689167192072
2026-05-11,225.17151120242613,264.39000214607603,466.47506342606465,499.96041154979565,164.08782941081444,95.0450326733098,100.87592074433573,190.5975044931148,64.45769121320731,52.115273992287456,74.35033286995122,73.46617408216265,159.12006887772017,153.58521630427245,70.18337098066579
2026-05-12,222.7058332625212,257.65671363832985,450.16008626021795,485.4832065405978,157.55097521688458,94.24633657694567,99.6129255063992,189.19665174654625,62.37508472448418,50.89927962130753,72.4044323086246,71.41987209709812,155.9307176537689,153.99198551372135,69.78154674308797
2026-05-13,220.677214605876,264.95435867544523,455.69202056572965,505.1957231085633,159.30064060419213,92.65632807132558,95.27060255269059,201.9169238138243,61.10029099176087,48.74087285013889,71.88580912656494,69.14302018270034,154.56649218004065,156.63372555654888,67.0486386121819
2026-05-14,222.93006730525585,267.68141708263903,458.65481872153293,508.61615007860837,162.70136277244313,93.33369376974152,95.09389626947558,203.4843013888262,61.09827621333486,48.78118269869598,72.15714688334039,67.48022562395585,154.04608650011926,154.27997273800182,66.68350149788036
2026-05-15,217.0696223744875,254.6289510056448,447.18386432173764,492.1474258436595,157.94062116964076,96.53440987523486,96.7851440107432,198.01497119995258,63.724581815559155,50.348612120167246,72.13689398540097,68.40752918890871,152.18703745647352,151.53473154421724,67.6001359368837
2026-05-18,207.2052479299434,247.10475839632588,428.41586193844483,466.68712855488127,155.83676968158463,100.20299717874416,98.7691799900249,187.965615735516,65.48251321874262,52.696556070578595,74.23992665821905,69.33649844304084,154.56620757558147,154.65338316889796,70.02739599020619
2026-05-19,203.28111226326493,247.62590009216538,425.45533441333635,472.2608014051014,154.84080152019175,102.02098108904408,98.86190428628186,184.65919141648172,65.19741608139212,52.60747422232295,73.25216127368766,68.21768197605728,151.60041219545568,151.40166867519085,68.92478667973404
2026-05-20,207.4110661438956,261.27492096281566,433.8977707220968,477.64300303156597,156.15273994382846,101.62748492485507,99.70056888251257,192.74964269356713,65.36757930190956,53.56194437481519,73.74400248639861,68.9370844332397,152.5431636301033,152.78792833581565,69.73480067521969
2026-05-21,210.59894349248734,268.2326479536636,453.89486865340314,507.06099802160077,158.3881396581824,100.56942342502418,98.53797392625069,202.37970808711074,63.53051759164897,53.86206196386274,74.38300687377341,69.14310069829402,154.22089284222562,152.701796091496,69.48408459542668
2026-05-22,212.25381021862168,270.7387492775219,465.5279925383205,510.6288823509364,154.96315429023826,103.73040854587177,99.54397191760528,209.00688576502492,66.0892122198887,54.41371501266238,74.96486275393812,70.25512120818924,154.52338756315976,155.75931979776877,69.57292919902784
2026-05-26,217.0233812077884,291.5959988083726,484.43810457798503,517.3578567982395,156.07652286885786,103.30660391003342,98.85134980376249,222.1978755032111,64.63303570107995,53.23443959673541,75.2899209832779,70.85517255241693,154.86201284711322,155.67506756219484,68.94301270570571
2026-05-27,213.36031172591538,290.5605330204182,483.89168647123023,510.53380007875785,161.24639292959324,100.9643003123408,97.63633108793466,222.6995167762988,64.22677636944874,53.71974345292905,76.27333619458561,72.62605751037832,156.08068779168914,154.38925133384575,68.85640074440322
2026-05-28,211.14211610818882,294.57963848668754,490.3051657716561,499.27741718871386,176.6602526748865,113.25913312336573,102.34737399144234,218.62199479637482,65.39262230161391,55.66910159640467,78.32648858077195,72.54976642054575,156.5658808036023,153.8423487489749,69.18865420953277
2026-05-29,208.7671529438156,300.7840020962643,519.812977002744,496.8772644216041,182.3069457969464,122.22866004218511,108.11537492416485,222.8639858471455,70.56058953080256,56.38226120327144,79.00485124476681,71.58553651411079,154.71732567140415,150.34315042784317,70.18272329370161
2026-06-01,205.04575011561246,313.6799925559645,556.1052855539806,501.0123973056242,189.5183124757495,135.57914586018939,114.55121454269694,221.45391975742612,77.6894831075012,58.76977181902092,82.3489279059269,73.63645275332729,158.14764136139758,157.22925941984394,73.1683874509019
2026-06-02,210.8736901740838,331.42613056796057,576.4835676072711,555.1076760156949,180.50989639217042,131.0396283349389,108.93941471053473,226.25785691276903,74.83638051310966,56.15896347091617,80.71086671904526,72.4196466613664,156.97835814999152,156.73538083540566,71.22949531263902
2026-06-03,209.36571910039035,336.40775711061355,578.5529217451515,539.9721026932333,172.62852373110024,123.07517161041694,103.41461498684109,222.10400766555162,71.07976048755177,53.35594915928459,78.85088200100219,70.1624172489371,155.89616403001006,157.19346604660583,68.8194298057726
2026-06-04,210.59559349131004,326.5706546264183,562.7630047898521,527.431362973857,177.41965377617737,123.07526203963593,103.1374873349884,227.18762501150115,70.84495029535955,53.44835162695769,80.20187244193188,73.12757349363801,157.28657265965083,159.5501636593837,69.56519625081997
2026-06-05,202.79812151975148,290.37896187527366,507.7570117604458,475.8498878616908,162.00000592175155,118.66693325768915,100.53479678902113,204.01535650351946,68.76727700590831,52.96410806644808,81.49761210321674,71.15919199316956,155.71223086737487,156.17523531538217,69.49965316339464
2026-06-08,202.42854171254328,310.1925953210968,520.7440285514343,487.96305108886827,164.18748356164053,118.5181420472317,100.4090455050699,208.66667857035904,67.94651926333029,52.83658688111843,81.43116911285345,71.35422265433023,155.46103109131252,153.39018749179627,68.7416912359929
2026-06-09,200.7288494628127,305.05528408147467,503.9343799447257,458.96978582468347,160.27902065019438,116.40876819875969,98.8587342018524,202.00531647845585,65.98240023331032,52.665128238209576,81.88039189143184,71.26575308771108,155.30237453864942,154.2908812671879,69.14755844115541
2026-06-10,190.21389490757375,292.20650499169795,482.76405502067666,459.13719459076657,158.12363391884008,115.96361430789274,98.14771595977032,196.69589273847677,64.82779606448796,51.72309612522736,83.13165164900066,70.04071847061805,153.09924126120944,157.7098591797552,68.60787913921266
2026-06-11,198.81409949861236,321.01050926517235,510.7259870988193,481.48709889368695,161.46861220713382,116.82898809681822,97.17296402458057,206.32176309592447,63.001101314709196,51.615457691320024,84.02060025777061,69.65698378821165,153.82446559303784,159.07659934217523,67.16517742507044
2026-06-12,203.2275452075347,324.99800340987514,532.6371907664231,495.79197791922587,155.3122292176876,115.09610230723332,96.2192381849575,207.220814356013,62.78782226726959,52.673653736248035,84.52268802566022,74.19468071384007,152.91950452758812,154.50786670622344,68.19895302498513
2026-06-15,210.3615178274889,346.10786220679284,577.681206691606,513.1100521232651,165.0206137236332,117.69231394544317,98.88944080328739,220.81915228066734,62.89362552530914,52.09399525742617,82.45878931291126,74.67302470265484,151.12318856829606,147.91640313658266,68.54015455395083
2026-06-16,210.67861860213068,326.3601646846989,579.471707157936,477.9546756765265,159.9639277206852,116.1129084512985,97.89892827951361,213.81361887606883,62.06237220990447,52.9176884452028,81.94002084413766,73.65099737621317,150.9613007368191,149.98156006710875,69.35881721957702
2026-06-17,214.25908900246668,334.03535537187236,593.3378202495771,476.90842158455536,154.71789483535292,113.29137999173868,94.79874112946806,208.50927542499525,59.53534411383904,51.62961544401314,81.97780481314379,71.78027698356883,147.86658534696608,149.54743873011398,66.98182824201662
2026-06-18,220.4037469220998,354.88550851182066,599.3917170013934,479.70227505015646,159.2900647912301,112.65523115056598,94.30797910397322,223.62827589771257,58.80913703567285,47.11676476267602,78.87818986895493,71.95875735159426,148.3950161506023,152.2841033626289,66.13856693990324
2026-06-22,228.33056187966852,363.9189987253108,599.9748430898916,511.22098139635625,154.14429796262056,110.32470860332319,90.61234706912381,226.94544858466477,57.5917670207833,45.819119123696304,76.21274763559879,70.4611585818921,149.19143065809223,154.43809719807786,65.2851192247216
2026-06-23,214.79662425635874,330.1811858872312,569.6813125065664,480.2992858730496,150.42693306113955,111.22340714740282,90.72992327208146,215.1361572877014,58.356535813582056,46.23661243310428,79.06786840301167,70.52515209869084,149.80228482590974,152.28252922066713,65.9313750309338
2026-06-24,216.23442566520166,329.190005102386,558.4526050252578,483.1463975764938,146.382894896576,110.24407019253682,90.47323331354376,208.0424853406931,58.869257596661114,46.23217940803249,80.11135606301133,71.20587493644392,150.71969271140364,154.8091803086572,67.0477046315363
2026-06-25,221.45564377388584,351.2904582433348,567.3397442007243,492.1817731853415,144.32541171358488,107.78897031634179,86.52638950530896,216.06757585023462,56.719779683792126,44.95180818149567,79.51262457363183,69.78347903790721,147.82760887256146,155.43363332042586,65.90316891228471
2026-06-26,211.87976859725288,334.8160926218465,516.4240701274458,471.4754464799923,149.23798816253964,116.24969673854957,91.27933324618594,213.08825674383908,60.35461191513813,46.43197212359688,84.14795455708915,72.26494333298926,152.2807204408763,158.27275552684947,68.25681535334996
2026-06-29,216.40937413316237,350.00873440756806,549.5950591630714,491.49355663699833,153.70317033607796,119.82196043384127,92.20163007958713,238.55322950464563,60.40530655965169,45.673718392082286,83.34239609705581,73.51468656683032,153.55479154777845,155.72231556187236,68.42844365980892
2026-06-30,219.88740754697832,364.70202248429524,553.7586246277666,502.71995909295975,154.70986482644227,121.6501113080063,92.9020738579883,259.78085253275606,60.02918058210512,45.499512144535494,80.20015695696262,73.24578159706117,152.01618358939118,155.26551457671917,68.60644827756163
2026-07-01,209.99800181375554,333.6617415223881,532.7297658366975,474.1236987796421,163.80593080215536,125.73370926749887,98.65551192359564,249.18399351106933,62.65603620159144,46.196435606632136,84.77248681482413,76.06714878909305,156.60551218228125,161.8376444989864,71.28402190897201
2026-07-02,203.84885187655814,312.14710018289344,489.2675851219277,436.98003194595486,160.11822981440633,125.31450136497722,101.62242519548492,224.37946564028823,63.09537574464247,47.46863029246511,84.62405296025251,77.06234384945793,157.22337610682118,162.9138430212287,74.48673498590566
2026-07-06,209.92266711485263,316.7190537163789,515.343609661071,448.2418283997298,164.6077626227282,126.13322817250908,103.5491231612014,228.08515510777735,63.27642848343585,46.98698671998904,86.40377693709385,77.14651403729091,156.07753205098828,165.9307518460483,74.83568550628966
2026-07-07,202.222093592652,299.9176833805659,499.89783375147414,422.73547773046295,160.37451984678862,126.20646598911198,104.69362772572642,209.44918013008686,64.73675065044998,48.09419871280345,88.69977907638307,76.69931881160811,155.49419491340905,167.68889706425412,75.40509530609931
2026-07-08,203.49008546724963,304.9495243748533,517.0963158381079,433.13795117056213,157.14473426929635,125.98038217846432,102.23233917096863,208.25344108430494,63.84529198697332,46.72667882664467,87.20117639558735,75.54939346214242,154.36040884839198,165.02770067348624,73.3306035143289
2026-07-09,208.3682091778543,317.4682628374079,533.7969471195375,460.73282325977925,159.9859936384541,129.3856525261537,101.93142625279687,218.42405269346665,65.1589392928174,47.393931923566896,87.20162389521171,76.60434875016378,153.7995435171209,166.44380499836313,73.94174836119277
2026-07-10,208.0720869928988,316.6948074135219,535.3653152774776,460.8968341650333,156.41317541115689,124.89676570661852,100.66072083865612,210.97704876673393,65.07379757853892,46.643027460781596,88.84349377370927,76.60757447549427,154.79470932728412,165.86984225505975,73.95815066205432
2026-07-13,204.53473498742096,301.61770721769096,514.415806940843,437.4299464672866,154.29404967833483,126.87443046189587,103.78149839683076,201.59057889855802,67.5191285099551,48.658280823518666,93.08070175247596,77.51891662166659,156.354167102172,165.93396790546768,76.06349827858384
2026-07-14,206.36857572526932,310.22306291610965,526.3174256244887,443.787315960511,157.00797669089934,129.36230580364136,103.82914937390056,207.43486627906037,66.01330500671403,46.966397937905185,91.71375061832867,76.61885616415405,154.72353925402547,163.804896962425,74.88830483940114
2026-07-15,205.2578421315092,298.88662367236225,494.30451906951765,421.56307394505245,154.66786182657395,127.31528927961166,104.36342949759032,197.67703481225746,67.09858122223139,47.4885189266696,92.08772386583254,78.50977629512776,157.8824561055071,147.87338699451857,77.01270361437696
2026-07-16,198.4890629847113,285.1335677580789,456.20269050144805,394.10688779149797,145.74430563354534,126.47129662781875,105.68853208044268,189.26655807654979,68.61012991422331,48.50820657634877,97.37562567725342,78.4286417767687,159.10481662837384,147.96167315492073,79.15586874151576
2026-07-17,198.7905850961829,280.5704608188985,466.5760415448438,394.66021285688856,142.8603189319878,125.33823822591516,104.64213439256505,190.98002062092132,67.97832094419397,48.32086526892498,96.9940460377866,77.34334402721511,157.61002833612463,145.67057311703536,78.56751367781996
2026-07-20,200.43834062165,282.15605449284897,469.0702794024459,403.55785758558716,141.119359821695,127.90667868207939,105.76325849223049,187.29191128203902,68.32236536372339,48.00166499723126,97.1281682430607,77.3253307348445,156.62150118408795,142.32366588646374,78.51916391453423
2026-07-21,204.40431659887733,302.339128783525,512.2027100967897,431.8792799017944,145.11298329320246,123.66683997596624,102.60055314601827,202.80526385951225,66.15670648590401,47.263058292769784,96.03943885802047,76.79962021080327,155.71405452181415,142.58973029437405,76.08775293279399
2026-07-22,203.5343409010727,302.26871757430564,520.7174496838077,428.10726942802773,138.4122118343961,120.04429247580501,96.8637006792394,198.01358083909315,62.866606066593945,46.51621382493211,96.1041776293942,75.25929738285653,154.4073084230584,140.1307676681046,74.5582689321254
2026-07-23,207.44415813959196,304.2444527546299,519.380413143325,428.0666045597836,136.14658955759998,117.91065992198092,95.70398783833681,193.9364348453394,60.94081759021831,46.152150114882545,93.72791978640868,73.7508193864681,151.07112114556324,143.7519764498136,72.97009637980915
2026-07-24,202.47089835422034,289.2679581399472,491.4274550560621,399.2607351120119,133.39684696273804,119.81604818288527,97.56004355934934,185.16594302819783,64.25394632851909,48.48690584925497,94.01274947356623,74.3861634656854,149.78392304733475,143.2748925092402,75.26050852869504
2026-07-27,199.17835517421017,281.1258984516826,483.85703744693586,385.542069656255,138.9851096114657,123.807055949294,103.16999217310207,186.83619068658328,68.45040910986113,50.38509178501314,98.03933976685252,76.67143553057561,148.12732946940716,146.4253339022413,78.31978104715719
2026-07-28,189.14104473086775,263.00209979021554,466.34398367918493,360.6123476581279,137.19685131616237,124.29923541767114,103.60335413844832,183.80031073723953,71.53622614478749,53.4059045114856,99.89967311287526,78.6537311746247,151.24769746817375,151.43751351134614,80.6347968160755
2026-07-29,178.20399414892904,244.38973667746424,459.8976709435454,337.8680129828556,132.00719097374338,129.11437630321933,105.35612856131327,175.55910786534565,74.10788887320285,57.63006006953616,105.06436909329173,79.48638094343254,151.97983735895153,156.2061760980308,81.47488236299901
2026-07-30,193.4162218784785,273.9060053699048,508.0625140524775,377.60267712351185,138.26145561493107,130.8464365952909,102.68748081647423,191.5304178070411,70.76292166270734,55.61902147096931,101.67869939519876,77.97247575272229,149.3325146473169,148.89827458430466,77.06523546192345
2026-07-31,195.8265451256946,270.02449083230135,506.5179189600345,388.6862379343417,127.01444959270766,131.82303515937187,103.95445200983018,198.99118164246033,72.35171985366927,55.90274855221308,99.02598872402669,77.98969112448498,149.73513273915555,146.83765451056271,76.48997592196275
2026-08-03,202.20499822183902,273.0346761943272,507.0548617762607,408.2548144032403,133.102273548025,136.2707779385911,106.65417454728107,208.5174524191924,73.51407103763093,56.33095600112119,101.83137839783734,79.52184068845916,151.61640520260912,149.6206135098569,77.63084483258086
2026-08-04,200.96267382739566,293.4574634304183,532.7226497872725,442.59205364611546,140.75314585347255,141.78482753124987,120.76362139688385,222.27634917446355,76.00155673404507,57.62267173125289,102.14398923075598,82.0127807254048,153.29708745388018,150.1837811485268,78.82887288684555
2026-08-05,200.3377724503293,288.36168747004007,519.4782467662545,428.6059777607502,137.2651789801544,142.08570026956897,118.45346082176688,215.9062772126307,76.15816372674743,56.92217746741291,104.1078284153006,79.6138879726205,150.88622017791062,149.94980645645182,78.25727847296618
2026-08-06,198.43327468450093,288.4022640022676,484.3271823698741,434.6212949316782,138.2306344385401,134.81067097334815,120.42815230942554,211.55105311234618,74.47344256973787,56.16389887298747,102.61419978738795,79.31900395860187,150.67195810986797,143.19762567611613,76.93064641608208
2026-08-07,198.35404884490035,291.5323996301189,480.3790960424309,447.6439282055484,151.2934105033735,141.23350614117413,130.0657738658815,207.12420077847236,79.8193818781571,56.725581402041975,103.85555669162777,81.49698788565811,157.79005586212625,148.1036266468151,78.04767010451627
2026-08-10,197.1375276172259,284.8990339475112,482.7797610144607,419.5672829300582,148.90522847612584,146.73556031181693,131.66927373640874,202.83818803430756,80.83268291229128,56.55075345175605,103.85060248313111,81.0658281484938,157.91421178714867,133.1116221081123,78.89261340184743
2026-08-11,200.7685155103567,288.30599580377975,480.83509797548635,422.3385655858163,149.71474466475576,146.56755619014663,132.01520516811888,210.55695142157325,80.25569593927978,55.537539198239394,105.70890694430909,80.40146038076098,156.5151239025838,131.63277560223605,78.98938883448267
2026-08-12,205.0064369664881,298.1734918772972,511.09672367184646,461.5146242603432,147.10176234338675,145.02797713728268,129.83692740665307,213.6178478789564,78.85265879661104,54.72349213102354,104.49117218625535,79.70940491207638,159.1593904099314,130.89449852806803,78.45144593239016
2026-08-13,204.30638080975595,303.87167814086996,534.3767939166606,450.8165402768094,149.76060611898907,152.12334189553138,137.06797810562261,213.02360264156988,85.05828422713768,55.72202147809515,108.75884451346015,81.1146113568774,160.40640852315477,133.0921006861178,81.5554420741421
2026-08-14,208.0819669286283,303.6306419167255,540.020232278869,455.4437831115107,153.23668004888128,149.8540543331509,132.64274635760583,221.50950583831047,81.77556564020185,54.726834594077594,106.52497779801384,82.53106318044993,162.16798830621207,133.40158913029796,79.95083557523823
2026-08-17,211.21895237520278,310.35850545044195,548.1260117904354,471.4426715066353,146.58041952410002,146.0102212585332,130.76502602333034,222.69715139607948,79.71036945819543,53.120931463255104,103.82600912305688,80.90920405104447,159.92512021106765,131.37288610734763,78.16858619423769
2026-08-18,198.89952416368158,293.89465389578675,512.1876636813643,430.6678019235552,142.66505743518104,146.22010575094762,131.51691791374083,206.89349618549306,80.96413240694226,53.96682429513668,107.25017736680816,80.79030132643423,161.40719211120225,131.3468224335987,79.48932316647412
2026-08-19,196.37660944103814,289.4212494175855,482.89834708766733,412.6475782369177,147.30230273592332,145.77504142429544,135.2646433871568,200.66630392564133,84.22907985456823,56.35001796582148,108.80061196137979,81.27441563843763,163.18243121007401,130.67231255266844,81.90689679205909
2026-08-20,193.66720720962738,294.64600637547977,484.54012580300144,418.71000288861507,146.88281561820764,143.489849730498,135.65707950411866,195.65615372166465,83.89508767888833,55.80787261658513,109.27461940540829,81.03279444366217,160.50155054994784,129.60878251239046,82.01161465791213
2026-08-21,191.19846364073567,292.66825121461517,484.5341323904386,417.38005964499945,153.5351873137473,146.07444908178448,138.13689281256217,197.12446603484625,84.19753956209654,56.349178343370276,110.09800420194202,81.15979482585838,161.75681599018841,130.7252864275481,82.30731890099477
2026-08-24,187.35809761635778,283.231538055253,465.0240515806478,401.59119993917597,147.33210225599754,141.77369687293245,137.2509769870088,188.39539698341164,84.39930737229521,56.31883106104232,110.33064501950737,81.98951679492608,162.92112971001777,129.65577723280427,82.92150496472199
2026-08-25,186.15663998987964,289.2240658832429,479.08535988023516,417.5815008349079,151.3184276311641,140.13331006506922,136.02297187028753,190.55566779924482,82.25446829199393,56.78814178851392,110.03280531325159,83.00593443244203,164.26736759050226,132.06375729374574,82.08787111018745
2026-08-26,190.18542996901488,290.26797528506535,492.2632277260496,432.76177278135447,148.44351083238388,140.84260826401263,137.37828767129471,190.06228463414368,81.05837961738763,55.678669580644296,108.74084461618392,81.20943127866205,162.42013290386467,132.1179166920257,81.97554641656377
2026-08-27,190.62201870378195,292.83339409988844,497.9217708245539,437.0981152028204,152.14462957235486,149.18525558077312,145.41397343745763,192.70842715448075,87.5146864830696,56.840732667948885,109.03368835986028,80.37319475627552,162.22961951198056,133.0612118132675,83.0024019294487
2026-08-28,183.09587366370704,282.88776176485146,484.80005392066477,415.14976307618747,147.12749646283626,151.54777197205757,145.75254681586617,186.73880366047828,88.45562086676739,57.45758736341876,110.15196097045366,81.38726746396883,162.4473148234039,133.54568785883643,84.20973829004396
2026-08-31,183.22152033366558,284.87518658268556,482.9578002672801,419.89225835618663,146.75280550981788,152.55559496776837,146.93244675286707,185.42709182897772,88.89898237013846,57.68858551679898,109.37649288067686,80.2999266600775,161.808321528873,131.9143456691028,83.51329431453729
2026-09-01,182.7739515796793,278.60529496774234,470.54572555675026,402.2375977348795,141.50012458737487,146.12768814662886,143.58815343773787,179.99427140472005,86.9343627110925,56.938251689430054,106.94018520510622,79.4102426676473,160.3873300215195,129.87061942804715,81.92174344335793
2026-09-02,184.77838767787705,280.3247921507504,472.19843088302775,398.80828747412943,145.0452745247341,138.99981791558136,139.82082517203378,184.62503542632132,86.70541089587647,56.91183001284057,106.85549044189398,80.38893774427082,161.90682189949277,129.47835000321845,81.42842066482075
2026-09-03,187.89158063114488,281.2177927816203,484.817965518673,390.14287294673824,146.05853096386392,148.72210809685708,145.13508330303452,187.12138081710384,89.24687443844854,57.791731639302434,107.3162320023553,80.45793451054594,162.4901241757273,131.00434352578753,84.3231983119936
2026-09-04,192.0642284750605,294.70959339249106,498.528857943593,405.64169843797356,144.46392785274878,144.77591911838596,137.22050249092263,191.36400541205902,87.00282968981385,56.62773679362363,106.5889524253812,78.94320727774098,159.93528514023734,130.3236869763491,81.30040090031804
2026-09-08,196.37610205088163,299.3043808258356,519.0129972400961,427.5730288106662,142.21519657497876,141.70099337276417,131.47845985631918,194.6994533778792,83.31042753346881,54.575065612621685,102.06326862796216,78.28311484521264,158.7991335988304,127.58063000732588,78.84130174804916
2026-09-09,191.12105536327226,301.1356122847099,526.2793665831133,431.65675017248515,138.5330773796345,142.14004608802924,129.68116747941414,191.8776902093537,82.30937176546891,53.39435011474261,101.20837121060549,76.3309387138752,156.39773391264836,125.50413014162037,78.08690595096117
2026-09-10,186.49041351913093,290.01097701209125,507.2528951411479,415.28031001264515,139.15604222356072,142.22027580688848,129.24411820171798,187.70371413265173,82.50018156016351,53.4101486369062,100.45488967145779,77.4717420111544,156.74483678524163,124.6542866527598,77.04023482421084
2026-09-11,192.79456758714016,293.4918956630781,515.834342324774,424.504661609924,140.57586991349208,141.20931692961912,130.2078335164787,190.67556142214062,82.9276470807831,54.64470816749003,100.18392667589964,78.29520733497954,157.27925227400598,126.14301858024103,77.45104636008081
2026-09-14,180.5215174150444,275.64185652112195,493.52773883574895,383.18174758488897,144.6896278564048,146.70149143823414,135.16621577962496,180.58248805005243,87.34093073258724,57.41621307322738,102.98427908353744,79.89554466900098,159.70381803067764,126.5609297499829,80.17932644839591
2026-09-15,179.55131936878468,276.0292575258645,485.3024407443798,386.28221032043774,144.09113751411644,145.3755204728728,134.97400884835466,179.8208341076263,86.31472623960008,56.905475476781895,102.63399484610038,78.87431542186967,160.68347364465495,126.78764051196833,78.67427493559231
2026-09-16,182.35603181166002,277.57946991164727,492.95769016253115,406.59594899860156,141.6699152505568,145.96207323124307,134.3123459312778,183.14321699026226,85.47482190087149,55.234172188219624,102.42227280144212,78.046314625213,160.23578587163533,126.36189448503815,77.9938426723997
2026-09-17,183.00861247863907,288.2817785889528,507.91919580144076,410.6086272513089,146.33285271818545,149.572463266147,134.83396064012436,187.11084988196825,86.0766314422529,55.03110682263534,102.33006039287888,77.24342409059095,158.44749724844326,125.573526189745,77.11834741839114
2026-09-18,186.17008748841045,298.32774890057084,516.5317952319206,421.8309327872022,143.70983678990325,146.58005055005168,133.95060251411434,188.6477334921375,83.55956275623763,53.4973627837544,102.52331475281964,76.73538277100046,155.62035070856024,124.69986493334427,76.48170749209079
2026-09-21,187.82812158912225,312.4770821842032,530.8119553740222,438.81914695099715,148.6324911629331,151.0865736329033,136.28639606568134,197.030066571905,83.93818832361356,53.72594964342994,102.57023525771244,77.41317903964783,161.30464164246905,124.69323957979552,76.29683201362874
2026-09-22,187.86212212603422,320.9744247464489,540.9844681511987,439.47415215834724,147.098782241612,152.04691382546568,135.93986756601504,202.03481802727612,82.0667754941032,53.39889723910507,103.38621212788466,76.41108270696654,160.84411995531224,122.59058555674797,75.65944327763633
2026-09-23,186.65590951467502,317.04275416245315,546.1780398620022,433.7500148929339,144.70850168808443,153.36106449030663,138.4220327903318,198.29561940965695,83.92497300154214,53.22037577936833,103.87281701831873,75.08284226489933,157.95860812533377,123.1840891102898,75.79113050777856
2026-09-24,186.71400338246073,316.3039987186516,540.0555413267931,432.2615204348175,146.9313006288457,153.51463000143508,138.01871211072532,201.58243255473582,82.88387889759609,52.29553161061686,102.52082303019844,75.68041219505315,157.39346010511886,124.71986844951267,75.37430813449612
2026-09-25,188.20481429920278,319.1284922034115,542.2509993128701,439.84215987581155,146.90727230164384,152.76349600848968,137.06624717399376,206.8256814894922,81.32439376640303,52.18032877188342,103.54839890962708,75.48575254628146,155.45175197003488,120.64403204206667,74.86252772228963
2026-09-28,186.41920808061886,313.33790039162153,537.4003139063866,429.82853950249694,142.06998388655114,147.42180638435863,135.14978786616524,201.267271363443,79.2426082855892,51.65417390854953,103.30445965068334,74.65379452485033,156.16197012962286,117.78706969477058,73.05901992038389
2026-09-29,188.34075822025704,319.8469053693113,537.8149649255995,443.67397857677645,141.58245729321297,148.05122320123465,135.25151420331616,200.03306025027476,79.11573760243542,51.76604067323091,102.64678181894922,75.08525535968097,154.99579444847552,117.80199396631241,70.84912087315645
2026-09-30,185.8838431613044,319.83790793520626,538.5927554432623,441.5961906294233,141.78325451885425,151.25555926141922,137.13182221727521,200.39076511965538,80.67565047928618,52.70645242540682,101.9384421609428,75.60353795893342,156.1919382950926,120.03361690437849,71.02829826421787
2026-10-01,190.0008179345672,325.86698947705,548.8852095758937,465.64257301863825,143.05481323660908,153.90738531641736,139.7246924549305,204.08597005527034,83.39030256753718,56.748557347831465,105.70879459885967,75.87137361253163,154.86212218663218,120.93711357730265,72.17534891251314
2026-10-02,192.0402445177369,330.53962806025135,531.7126381582897,478.983391450608,140.49419119094313,154.81164627766358,137.64382671992877,214.66549080616176,82.42853139720583,54.482923737672905,102.36401063188119,75.95444980203227,156.0566596482671,121.80909945040835,71.8885246580901
2026-10-05,193.17381377693528,330.1876849085214,543.2164540478548,479.9832092742222,143.67461889299847,155.82445079822568,139.36127374037864,214.12729889054472,84.1735949731871,54.53182546909588,101.85517181088542,76.70483746111819,157.8295742400117,122.70645395408295,73.05961571018587
